FileName,LocationX,LocationY,LocationZ,RotationRoll,RotationPitch,RotationYaw,GazeHitX,GazeHitY,GazeHitZ,GazeConfidence,Frame,Timestamp,RoomX_m,RoomY_m
BiancaGolden_CircleTurns,-200.0000,0.0000,30.0000,0.0000,0.0000,0.0000,0.0000,0.0000,0.0000,0.0000,0,0.016667,0.0000,0.0000
BiancaGolden_CircleTurns,-200.0000,0.0000,30.0000,0.0000,0.0000,0.0000,0.0000,0.0000,0.0000,0.0000,0,0.416667,0.0000,0.0000
BiancaGolden_CircleTurns,-200.0000,0.0000,30.0000,0.0000,0.0000,0.0000,0.0000,0.0000,0.0000,0.0000,1,0.501894,0.0000,0.0000
BiancaGolden_CircleTurns,-200.0000,0.0000,30.0000,0.0000,0.0000,0.0000,0.0000,0.0000,0.0000,0.0000,2,0.515383,0.0000,0.0000
BiancaGolden_CircleTurns,-200.0000,0.0000,30.0000,0.0000,0.0000,0.0000,0.0000,0.0000,0.0000,0.0000,2,0.528073,0.0000,0.0000
BiancaGolden_CircleTurns,-200.0000,0.0000,30.0000,0.0000,0.0000,0.0000,0.0000,0.0000,0.0000,0.0000,3,0.555276,0.0000,0.0000
BiancaGolden_CircleTurns,-200.0000,0.0000,30.0000,0.0000,0.0000,0.0000,0.0000,0.0000,0.0000,0.0000,3,0.570678,0.0000,0.0000
BiancaGolden_CircleTurns,-200.0000,0.0000,30.0000,0.0000,0.0000,0.0000,0.0000,0.0000,0.0000,0.0000,4,0.582860,0.0000,0.0000
BiancaGolden_CircleTurns,-200.0000,0.0000,30.0000,0.0000,0.0000,0.0000,0.0000,0.0000,0.0000,0.0000,4,0.597872,0.0000,0.0000
BiancaGolden_CircleTurns,-200.0000,0.0000,30.0000,0.0000,0.0000,0.0000,0.0000,0.0000,0.0000,0.0000,5,0.611360,0.0000,0.0000
BiancaGolden_CircleTurns,-200.0000,0.0000,30.0000,0.0000,0.0000,0.0000,0.0000,0.0000,0.0000,0.0000,5,0.625417,0.0000,0.0000
BiancaGolden_CircleTurns,-200.0000,0.0000,30.0000,0.0000,0.0000,0.0000,0.0000,0.0000,0.0000,0.0000,6,0.639201,0.0000,0.0000
BiancaGolden_CircleTurns,-200.0000,0.0000,30.0000,0.0000,0.0000,0.0000,0.0000,0.0000,0.0000,0.0000,6,0.653649,0.0000,0.0000
BiancaGolden_CircleTurns,-200.0000,0.0000,30.0000,0.0000,0.0000,0.0000,0.0000,0.0000,0.0000,0.0000,6,0.667628,0.0000,0.0000
BiancaGolden_CircleTurns,-200.0000,0.0000,30.0000,0.0000,0.0000,0.0000,0.0000,0.0000,0.0000,0.0000,7,0.680454,0.0000,0.0000
BiancaGolden_CircleTurns,-200.0000,0.0000,30.0000,0.0000,0.0000,0.0000,0.0000,0.0000,0.0000,0.0000,7,0.695062,0.0000,0.0000
BiancaGolden_CircleTurns,-200.0000,0.0000,30.0000,0.0000,0.0000,0.0000,0.0000,0.0000,0.0000,0.0000,8,0.709704,0.0000,0.0000
BiancaGolden_CircleTurns,-200.0000,0.0000,30.0000,0.0000,0.0000,0.0000,0.0000,0.0000,0.0000,0.0000,8,0.724839,0.0000,0.0000
BiancaGolden_CircleTurns,-200.0000,0.0000,30.0000,0.0000,0.0000,0.0000,0.0000,0.0000,0.0000,0.0000,9,0.737204,0.0000,0.0000
BiancaGolden_CircleTurns,-200.0000,0.0000,30.0000,0.0000,0.0000,0.0000,0.0000,0.0000,0.0000,0.0000,9,0.750857,0.0000,0.0000
BiancaGolden_CircleTurns,-200.0000,0.0000,30.0000,0.0000,0.0000,0.0000,0.0000,0.0000,0.0000,0.0000,9,0.765735,0.0000,0.0000
BiancaGolden_CircleTurns,-200.0000,0.0000,30.0000,0.0000,0.0000,0.0000,0.0000,0.0000,0.0000,0.0000,10,0.778176,0.0000,0.0000
BiancaGolden_CircleTurns,-200.0000,0.0000,30.0000,0.0000,0.0000,0.0000,0.0000,0.0000,0.0000,0.0000,10,0.791411,0.0000,0.0000
BiancaGolden_CircleTurns,-200.0000,0.0000,30.0000,0.0000,0.0000,0.0000,0.0000,0.0000,0.0000,0.0000,11,0.806515,0.0000,0.0000
BiancaGolden_CircleTurns,-200.0000,0.0000,30.0000,0.0000,0.0000,0.0000,0.0000,0.0000,0.0000,0.0000,11,0.820142,0.0000,0.0000
BiancaGolden_CircleTurns,-200.0000,0.0000,30.0000,0.0000,0.0000,0.0000,0.0000,0.0000,0.0000,0.0000,11,0.834576,0.0000,0.0000
BiancaGolden_CircleTurns,-200.0000,0.0000,30.0000,0.0000,0.0000,0.0000,0.0000,0.0000,0.0000,0.0000,12,0.847753,0.0000,0.0000
BiancaGolden_CircleTurns,-200.0000,0.0000,30.0000,0.0000,0.0000,0.0000,0.0000,0.0000,0.0000,0.0000,12,0.860929,0.0000,0.0000
BiancaGolden_CircleTurns,-200.0000,0.0000,30.0000,0.0000,0.0000,0.0000,0.0000,0.0000,0.0000,0.0000,13,0.874411,0.0000,0.0000
BiancaGolden_CircleTurns,-200.0000,0.0000,30.0000,0.0000,0.0000,0.0000,0.0000,0.0000,0.0000,0.0000,13,0.887452,0.0000,0.0000
BiancaGolden_CircleTurns,-200.0000,0.0000,30.0000,0.0000,0.0000,0.0000,0.0000,0.0000,0.0000,0.0000,14,0.903795,0.0000,0.0000
BiancaGolden_CircleTurns,-200.0000,0.0000,30.0000,0.0000,0.0000,0.0000,0.0000,0.0000,0.0000,0.0000,14,0.915389,0.0000,0.0000
BiancaGolden_CircleTurns,-200.0000,0.0000,30.0000,0.0000,0.0000,0.0000,0.0000,0.0000,0.0000,0.0000,14,0.932177,0.0000,0.0000
BiancaGolden_CircleTurns,-200.0000,0.0000,30.0000,0.0000,0.0000,0.0000,0.0000,0.0000,0.0000,0.0000,15,0.943962,0.0000,0.0000
BiancaGolden_CircleTurns,-200.0000,0.0000,30.0000,0.0000,0.0000,0.0000,0.0000,0.0000,0.0000,0.0000,15,0.958274,0.0000,0.0000
BiancaGolden_CircleTurns,-200.0000,0.0000,30.0000,0.0000,0.0000,0.0000,0.0000,0.0000,0.0000,0.0000,16,0.972665,0.0000,0.0000
BiancaGolden_CircleTurns,-200.0000,0.0000,30.0000,0.0000,0.0000,0.0000,0.0000,0.0000,0.0000,0.0000,16,0.985325,0.0000,0.0000
BiancaGolden_CircleTurns,-200.0000,0.0000,30.0000,0.0000,0.0000,0.0000,0.0000,0.0000,0.0000,0.0000,16,1.001259,0.0000,0.0000
BiancaGolden_CircleTurns,-200.0000,0.0000,30.0000,0.0000,0.0000,0.0000,0.0000,0.0000,0.0000,0.0000,17,1.013141,0.0000,0.0000
BiancaGolden_CircleTurns,-200.0000,0.0000,30.0000,0.0000,0.0000,0.0000,0.0000,0.0000,0.0000,0.0000,17,1.028032,0.0000,0.0000
BiancaGolden_CircleTurns,-200.0000,0.0000,30.0000,0.0000,0.0000,0.0000,0.0000,0.0000,0.0000,0.0000,18,1.041673,0.0000,0.0000
BiancaGolden_CircleTurns,-200.0000,0.0000,30.0000,0.0000,0.0000,0.0000,0.0000,0.0000,0.0000,0.0000,18,1.055611,0.0000,0.0000
BiancaGolden_CircleTurns,-200.0000,0.0000,30.0000,0.0000,0.0000,0.0000,0.0000,0.0000,0.0000,0.0000,19,1.070993,0.0000,0.0000
BiancaGolden_CircleTurns,-200.0000,0.0000,30.0000,0.0000,0.0000,0.0000,0.0000,0.0000,0.0000,0.0000,19,1.084232,0.0000,0.0000
BiancaGolden_CircleTurns,-200.0000,0.0000,30.0000,0.0000,0.0000,0.0000,0.0000,0.0000,0.0000,0.0000,19,1.096700,0.0000,0.0000
BiancaGolden_CircleTurns,-200.0000,0.0000,30.0000,0.0000,0.0000,0.0000,0.0000,0.0000,0.0000,0.0000,20,1.111696,0.0000,0.0000
BiancaGolden_CircleTurns,-200.0000,0.0000,30.0000,0.0000,0.0000,0.0000,0.0000,0.0000,0.0000,0.0000,20,1.125537,0.0000,0.0000
BiancaGolden_CircleTurns,-200.0000,0.0000,30.0000,0.0000,0.0000,0.0000,0.1700,0.8284,-0.5337,0.9980,21,1.140378,0.0000,0.0000
BiancaGolden_CircleTurns,-300.3885,-33.1928,194.9082,-2.8988,-22.2110,85.6031,0.1597,0.8267,-0.5395,0.9980,21,1.159431,-1.0039,-0.3319
BiancaGolden_CircleTurns,-300.9812,-33.9060,195.0637,-2.8908,-22.5264,86.2845,0.1395,0.8259,-0.5463,0.9980,22,1.168994,-1.0098,-0.3391
BiancaGolden_CircleTurns,-302.1039,-35.2854,195.3570,-3.1005,-22.9648,87.6217,0.1347,0.8357,-0.5324,0.9980,22,1.183197,-1.0210,-0.3529
BiancaGolden_CircleTurns,-302.5026,-35.8349,195.4479,-3.2642,-22.0231,87.9403,0.1188,0.8409,-0.5280,0.9980,23,1.211986,-1.0250,-0.3583
BiancaGolden_CircleTurns,-303.7722,-37.8724,195.7052,-3.0715,-21.7149,89.0720,0.1060,0.8413,-0.5301,0.9980,24,1.239487,-1.0377,-0.3787
BiancaGolden_CircleTurns,-304.5912,-39.3104,195.7813,-2.9292,-21.8714,89.9730,0.0886,0.8435,-0.5298,0.9980,24,1.268272,-1.0459,-0.3931
BiancaGolden_CircleTurns,-305.3571,-40.6424,195.9040,-3.2966,-21.8129,91.0777,0.0687,0.8457,-0.5292,0.9980,25,1.296338,-1.0536,-0.4064
BiancaGolden_CircleTurns,-306.0411,-42.0905,195.9101,-3.3603,-22.1501,92.4428,-0.1366,0.9509,-0.2779,0.9980,25,1.324672,-1.0604,-0.4209
BiancaGolden_CircleTurns,-306.7893,-43.5828,195.9390,-3.3413,-22.9140,94.3218,-0.2157,0.9106,-0.3526,0.9980,26,1.352624,-1.0679,-0.4358
BiancaGolden_CircleTurns,-307.4853,-45.0497,195.9704,-3.6355,-23.4988,96.8241,-0.2415,0.9013,-0.3597,0.9980,26,1.381678,-1.0749,-0.4505
BiancaGolden_CircleTurns,-308.0359,-46.4518,195.9804,-3.6278,-23.5901,99.3542,-0.2465,0.9006,-0.3579,0.9980,27,1.408532,-1.0804,-0.4645
BiancaGolden_CircleTurns,-308.3871,-47.8683,195.8383,-3.3760,-23.4862,101.4975,-0.2341,0.9078,-0.3480,0.9980,27,1.436465,-1.0839,-0.4787
BiancaGolden_CircleTurns,-308.5386,-49.1766,195.6741,-3.1144,-23.3241,103.0526,-0.2369,0.9092,-0.3424,0.9980,28,1.464188,-1.0854,-0.4918
BiancaGolden_CircleTurns,-308.6106,-50.1936,195.6972,-3.1351,-23.1111,104.0332,-0.2083,0.9177,-0.3383,0.9980,28,1.492190,-1.0861,-0.5019
BiancaGolden_CircleTurns,-308.5882,-51.4281,195.0218,-3.1729,-21.9505,104.0847,-0.1790,0.9097,-0.3747,0.9980,29,1.519949,-1.0859,-0.5143
BiancaGolden_CircleTurns,-308.3012,-52.0724,195.6612,-2.0385,-24.8132,104.3511,-0.1640,0.9124,-0.3751,0.9980,29,1.547143,-1.0830,-0.5207
BiancaGolden_CircleTurns,-308.6120,-53.1431,195.4114,-3.0972,-24.7689,104.0583,-0.1316,0.9282,-0.3480,0.9980,30,1.575470,-1.0861,-0.5314
BiancaGolden_CircleTurns,-308.6242,-53.9754,195.6370,-1.7595,-24.4144,103.8826,-0.1250,0.9314,-0.3418,0.9980,30,1.603243,-1.0862,-0.5398
BiancaGolden_CircleTurns,-308.9337,-55.0293,195.5964,-2.2356,-24.9101,105.0581,-0.1327,0.9196,-0.3698,0.9980,31,1.631811,-1.0893,-0.5503
BiancaGolden_CircleTurns,-309.6500,-56.2511,195.4781,-5.2672,-26.2816,105.9071,-0.1934,0.9002,-0.3902,0.9980,31,1.659047,-1.0965,-0.5625
BiancaGolden_CircleTurns,-310.4433,-57.3512,195.6047,-8.8256,-26.9428,110.0218,-0.2027,0.9080,-0.3667,0.9980,32,1.687317,-1.1044,-0.5735
BiancaGolden_CircleTurns,-310.9171,-58.1931,195.7017,-8.2110,-26.3210,111.1257,-0.1952,0.9256,-0.3243,0.9980,32,1.718053,-1.1092,-0.5819
BiancaGolden_CircleTurns,-311.3802,-58.9217,195.8004,-7.5944,-24.1113,110.6013,-0.1783,0.9493,-0.2588,0.9980,33,1.742891,-1.1138,-0.5892
BiancaGolden_CircleTurns,-311.8819,-59.5803,195.9290,-6.3482,-23.0466,109.3294,-0.1224,0.9644,-0.2343,0.9980,33,1.770387,-1.1188,-0.5958
BiancaGolden_CircleTurns,-312.4703,-60.0971,196.1244,-5.8852,-21.8492,107.1396,-0.0706,0.9714,-0.2267,0.9980,34,1.797870,-1.1247,-0.6010
BiancaGolden_CircleTurns,-313.0490,-60.3803,196.2980,-5.5339,-20.1548,104.2255,-0.0219,0.9805,-0.1954,0.9980,34,1.825892,-1.1305,-0.6038
BiancaGolden_CircleTurns,-313.3842,-60.7075,196.3769,-4.6808,-18.3978,101.5696,-0.0112,0.9735,-0.2284,0.9980,35,1.854101,-1.1338,-0.6071
BiancaGolden_CircleTurns,-313.9091,-61.1578,196.4740,-2.6548,-17.8752,99.7959,-0.0113,0.9726,-0.2322,0.9980,35,1.882644,-1.1391,-0.6116
BiancaGolden_CircleTurns,-314.6781,-61.4368,196.8285,-3.1376,-16.9248,99.0994,-0.0241,0.9690,-0.2457,0.9980,36,1.908934,-1.1468,-0.6144
BiancaGolden_CircleTurns,-315.3820,-61.3937,197.5221,-4.6316,-14.5687,97.4157,-0.0525,0.9667,-0.2506,0.9980,36,1.938371,-1.1538,-0.6139
BiancaGolden_CircleTurns,-315.9979,-61.5207,197.6527,-3.7486,-13.5416,96.6181,-0.0434,0.9660,-0.2549,0.9980,37,1.965227,-1.1600,-0.6152
BiancaGolden_CircleTurns,-316.6170,-61.5871,198.1822,-3.3614,-13.1378,95.6887,-0.0669,0.9563,-0.2848,0.9980,37,1.985609,-1.1662,-0.6159
BiancaGolden_CircleTurns,-316.8728,-61.5805,198.0756,-2.6025,-13.8297,95.3844,-0.0520,0.9567,-0.2865,0.9980,38,2.021584,-1.1687,-0.6158
BiancaGolden_CircleTurns,-317.6854,-61.6030,198.2541,-1.6498,-13.3893,93.9582,-0.0227,0.9698,-0.2429,0.9980,38,2.050207,-1.1769,-0.6160
BiancaGolden_CircleTurns,-318.1684,-61.4586,198.5208,-1.3462,-12.5896,92.9517,0.0194,0.9896,-0.1429,0.9980,39,2.078247,-1.1817,-0.6146
BiancaGolden_CircleTurns,-318.6048,-61.3794,198.5997,-1.0865,-11.7778,92.1832,0.0194,0.9910,-0.1326,0.9980,39,2.106685,-1.1860,-0.6138
BiancaGolden_CircleTurns,-318.9822,-61.3719,198.5395,-0.8035,-11.4739,91.7195,0.0223,0.9910,-0.1322,0.9980,40,2.133872,-1.1898,-0.6137
BiancaGolden_CircleTurns,-319.2337,-61.3279,198.5963,-0.6018,-11.3542,91.1163,0.0142,0.9898,-0.1414,0.9980,40,2.162501,-1.1923,-0.6133
BiancaGolden_CircleTurns,-319.4474,-61.2636,198.6219,-0.1933,-11.2870,90.4943,0.0145,0.9885,-0.1504,0.9980,41,2.189403,-1.1945,-0.6126
BiancaGolden_CircleTurns,-319.6298,-61.1888,198.6939,-0.0546,-11.0728,89.7387,0.0376,0.9892,-0.1415,0.9980,41,2.217876,-1.1963,-0.6119
BiancaGolden_CircleTurns,-319.6151,-61.0875,198.7979,0.0026,-10.4861,88.1303,0.0583,0.9886,-0.1389,0.9980,42,2.245093,-1.1962,-0.6109
BiancaGolden_CircleTurns,-319.4967,-60.9956,198.8129,0.9394,-10.0150,86.4280,0.0854,0.9854,-0.1474,0.9980,42,2.273195,-1.1950,-0.6100
BiancaGolden_CircleTurns,-319.2369,-60.9213,198.8856,1.2423,-9.6475,84.0436,0.1397,0.9794,-0.1456,0.9980,43,2.301072,-1.1924,-0.6092
BiancaGolden_CircleTurns,-318.6564,-60.9098,198.9400,1.9128,-9.1840,80.0958,0.2178,0.9656,-0.1424,0.9980,43,2.329348,-1.1866,-0.6091
BiancaGolden_CircleTurns,-317.9248,-60.9864,198.9840,3.0433,-8.7034,74.7548,0.4851,0.8709,-0.0789,0.9980,44,2.356684,-1.1792,-0.6099
BiancaGolden_CircleTurns,-317.0758,-61.1280,199.0921,4.3292,-7.9411,68.5674,0.6483,0.7604,-0.0386,0.9980,44,2.384713,-1.1708,-0.6113
BiancaGolden_CircleTurns,-316.1746,-61.3844,199.1660,5.9177,-6.9357,62.0421,0.7673,0.6411,0.0107,0.9980,45,2.412517,-1.1617,-0.6138
BiancaGolden_CircleTurns,-315.3885,-61.7134,199.2079,7.7421,-6.1399,56.1261,0.7886,0.6144,0.0254,0.9980,45,2.440470,-1.1539,-0.6171
BiancaGolden_CircleTurns,-314.6510,-62.0132,199.3380,8.9920,-5.0098,50.6417,0.7989,0.6004,0.0363,0.9980,46,2.468278,-1.1465,-0.6201
BiancaGolden_CircleTurns,-314.1093,-62.2872,199.4346,10.2651,-3.9685,46.5346,0.7584,0.6515,0.0173,0.9980,46,2.495985,-1.1411,-0.6229
BiancaGolden_CircleTurns,-313.7031,-62.5097,199.5005,10.8181,-3.3750,43.6523,0.7779,0.6279,0.0256,0.9980,47,2.523664,-1.1370,-0.6251
BiancaGolden_CircleTurns,-313.3285,-62.7494,199.6366,11.0710,-2.7621,41.1185,0.8335,0.5513,0.0368,0.9980,47,2.554319,-1.1333,-0.6275
BiancaGolden_CircleTurns,-313.0196,-62.9248,199.7002,11.4079,-2.3539,39.5018,0.8578,0.5125,0.0398,0.9980,48,2.579104,-1.1302,-0.6292
BiancaGolden_CircleTurns,-312.7113,-63.0528,199.7596,11.1865,-2.0755,38.3229,0.8436,0.5367,0.0198,0.9980,48,2.606119,-1.1271,-0.6305
BiancaGolden_CircleTurns,-312.3534,-63.2124,199.7861,10.6683,-1.8790,37.1696,0.8454,0.5341,0.0113,0.9980,49,2.634048,-1.1235,-0.6321
BiancaGolden_CircleTurns,-311.9781,-63.3439,199.7966,10.3657,-1.8876,36.0302,0.8464,0.5323,-0.0135,0.9980,49,2.662341,-1.1198,-0.6334
BiancaGolden_CircleTurns,-311.5997,-63.4551,199.7654,9.9152,-2.3153,34.9701,0.9293,0.2939,-0.2235,0.9980,50,2.690137,-1.1160,-0.6346
BiancaGolden_CircleTurns,-311.1685,-63.5910,199.6100,9.4109,-3.0246,33.6033,0.9330,0.2683,-0.2398,0.9980,50,2.717947,-1.1117,-0.6359
BiancaGolden_CircleTurns,-310.6998,-63.6918,199.4261,9.0318,-3.9163,32.0900,0.9284,0.1666,-0.3321,0.9980,51,2.745979,-1.1070,-0.6369
BiancaGolden_CircleTurns,-310.1997,-63.7785,199.2440,8.7156,-4.9142,30.5185,0.9237,0.1625,-0.3468,0.9980,51,2.773942,-1.1020,-0.6378
BiancaGolden_CircleTurns,-309.7078,-63.8971,199.0124,8.6979,-6.0462,28.8856,0.9243,0.1494,-0.3513,0.9980,52,2.803249,-1.0971,-0.6390
BiancaGolden_CircleTurns,-309.1703,-63.9894,198.8655,8.7294,-7.1369,27.0595,0.9301,0.1490,-0.3356,0.9980,52,2.830437,-1.0917,-0.6399
BiancaGolden_CircleTurns,-308.5847,-64.0437,198.6575,8.8432,-8.0328,25.5594,0.9281,0.1780,-0.3269,0.9980,53,2.857947,-1.0858,-0.6404
BiancaGolden_CircleTurns,-308.0277,-64.1055,198.4262,8.6673,-8.7832,24.2773,0.9276,0.1567,-0.3390,0.9980,53,2.885181,-1.0803,-0.6411
BiancaGolden_CircleTurns,-307.4989,-64.1973,198.2198,8.1044,-9.4095,22.9577,0.9283,0.1961,-0.3159,0.9980,54,2.913083,-1.0750,-0.6420
BiancaGolden_CircleTurns,-307.0201,-64.3114,197.9491,7.7463,-9.8620,21.5688,0.9273,0.1980,-0.3176,0.9980,54,2.940660,-1.0702,-0.6431
BiancaGolden_CircleTurns,-306.7843,-64.4164,197.7442,7.6166,-10.5433,20.4245,0.9284,0.1803,-0.3248,0.9980,55,2.969160,-1.0678,-0.6442
BiancaGolden_CircleTurns,-306.6918,-64.5704,197.6388,7.0999,-10.9133,19.3083,0.9338,0.1259,-0.3348,0.9980,55,2.997524,-1.0669,-0.6457
BiancaGolden_CircleTurns,-306.8025,-64.7821,197.5755,6.8546,-10.7082,18.1373,0.9085,0.2299,-0.3490,0.9980,56,3.024839,-1.0680,-0.6478
BiancaGolden_CircleTurns,-307.1610,-64.8510,197.5191,6.8079,-10.4570,17.7567,0.9313,0.1422,-0.3352,0.9980,56,3.052825,-1.0716,-0.6485
BiancaGolden_CircleTurns,-307.6920,-64.9100,197.4257,6.1326,-10.2849,17.4304,0.9044,0.0705,-0.4209,0.9980,57,3.080245,-1.0769,-0.6491
BiancaGolden_CircleTurns,-308.3849,-65.0103,197.3258,5.6610,-10.2593,16.9068,0.8621,0.1250,-0.4912,0.9980,57,3.108152,-1.0838,-0.6501
BiancaGolden_CircleTurns,-309.2647,-65.0258,197.1871,5.2726,-10.1500,16.2831,0.8542,0.1398,-0.5008,0.9980,58,3.135582,-1.0926,-0.6503
BiancaGolden_CircleTurns,-310.3077,-64.9821,196.8938,4.9852,-10.0385,15.6699,0.8526,0.1349,-0.5048,0.9980,58,3.163876,-1.1031,-0.6498
BiancaGolden_CircleTurns,-311.5353,-64.8416,196.4893,4.6698,-10.2423,15.1517,0.8600,0.1387,-0.4911,0.9980,59,3.191539,-1.1154,-0.6484
BiancaGolden_CircleTurns,-312.8913,-64.7161,196.0372,4.4108,-10.6026,14.3629,0.8544,0.1375,-0.5011,0.9980,59,3.219602,-1.1289,-0.6472
BiancaGolden_CircleTurns,-314.2601,-64.4911,195.6945,4.4002,-11.1643,13.3437,0.8641,0.1332,-0.4854,0.9980,60,3.247332,-1.1426,-0.6449
BiancaGolden_CircleTurns,-315.7789,-64.1244,195.4852,4.1857,-11.7468,12.4173,0.8601,0.1351,-0.4920,0.9980,60,3.275431,-1.1578,-0.6412
BiancaGolden_CircleTurns,-317.2083,-63.5652,195.5667,3.6329,-12.0703,11.6924,0.8600,0.1338,-0.4925,0.9980,61,3.303380,-1.1721,-0.6357
BiancaGolden_CircleTurns,-318.7307,-63.0225,195.4508,3.2059,-12.0830,11.4650,0.8694,0.1576,-0.4683,0.9980,61,3.331786,-1.1873,-0.6302
BiancaGolden_CircleTurns,-320.1908,-62.4837,195.3363,3.0179,-12.1266,11.5399,0.8672,0.1610,-0.4712,0.9980,62,3.359500,-1.2019,-0.6248
BiancaGolden_CircleTurns,-321.6256,-61.9770,195.1990,3.1790,-12.4525,11.7845,0.8648,0.1666,-0.4736,0.9980,62,3.390821,-1.2163,-0.6198
BiancaGolden_CircleTurns,-323.0179,-61.5211,195.0239,3.6344,-13.1684,12.1642,0.8593,0.1672,-0.4834,0.9980,63,3.414902,-1.2302,-0.6152
BiancaGolden_CircleTurns,-324.3027,-61.0944,195.0319,3.3707,-14.0481,12.4812,0.8555,0.1701,-0.4891,0.9980,63,3.441812,-1.2430,-0.6109
BiancaGolden_CircleTurns,-325.4782,-60.7231,195.1523,2.9901,-14.6592,12.5944,0.8517,0.1723,-0.4948,0.9980,64,3.469653,-1.2548,-0.6072
BiancaGolden_CircleTurns,-326.5002,-60.3642,195.4103,2.8474,-15.0350,12.7435,0.8622,0.1609,-0.4804,0.9980,64,3.497882,-1.2650,-0.6036
BiancaGolden_CircleTurns,-327.5226,-60.0022,195.5600,2.6268,-15.4003,13.0839,0.8714,0.1483,-0.4676,0.9980,65,3.525658,-1.2752,-0.6000
BiancaGolden_CircleTurns,-328.4223,-59.7196,195.7946,2.0527,-15.7211,12.9481,0.8712,0.1426,-0.4698,0.9980,65,3.553528,-1.2842,-0.5972
BiancaGolden_CircleTurns,-329.1719,-59.3938,196.0172,1.8013,-15.8551,12.5297,0.8761,0.1370,-0.4623,0.9980,66,3.581151,-1.2917,-0.5939
BiancaGolden_CircleTurns,-329.8661,-58.9743,196.1083,1.4752,-16.0353,12.3794,0.8760,0.1355,-0.4629,0.9980,66,3.610494,-1.2987,-0.5897
BiancaGolden_CircleTurns,-330.4243,-58.5063,196.1909,1.0781,-16.4944,12.4479,0.8750,0.1325,-0.4656,0.9980,67,3.637714,-1.3042,-0.5851
BiancaGolden_CircleTurns,-330.8454,-58.0265,196.2886,0.8866,-16.7589,12.2283,0.8817,0.1326,-0.4528,0.9980,67,3.665711,-1.3085,-0.5803
BiancaGolden_CircleTurns,-331.1993,-57.4932,196.3485,1.0749,-16.9487,12.1224,0.8799,0.1224,-0.4591,0.9980,68,3.693197,-1.3120,-0.5749
BiancaGolden_CircleTurns,-331.5083,-56.7655,196.3190,0.9281,-17.3589,11.7606,0.8783,0.1275,-0.4608,0.9980,68,3.720987,-1.3151,-0.5677
BiancaGolden_CircleTurns,-331.5995,-56.3694,196.4152,1.0249,-17.5289,12.1208,0.8848,0.1250,-0.4489,0.9980,69,3.748743,-1.3160,-0.5637
BiancaGolden_CircleTurns,-331.6557,-55.7702,196.4237,1.2179,-17.8167,12.1602,0.8883,0.1304,-0.4403,0.9980,69,3.776548,-1.3166,-0.5577
BiancaGolden_CircleTurns,-331.6211,-55.1230,196.3526,1.2326,-18.2960,12.1478,0.8852,0.1292,-0.4469,0.9980,70,3.804302,-1.3162,-0.5512
BiancaGolden_CircleTurns,-331.4822,-54.4626,196.2853,0.8565,-18.9288,12.1460,0.8839,0.1184,-0.4525,0.9980,70,3.832463,-1.3148,-0.5446
BiancaGolden_CircleTurns,-331.2658,-53.7763,196.1708,0.8336,-19.5763,11.9052,0.8836,0.1123,-0.4546,0.9980,71,3.860685,-1.3127,-0.5378
BiancaGolden_CircleTurns,-330.9305,-53.0489,196.1352,1.0350,-20.2651,11.7270,0.8910,0.0846,-0.4460,0.9980,71,3.888763,-1.3093,-0.5305
BiancaGolden_CircleTurns,-330.4350,-52.3600,196.2106,1.4442,-20.4369,10.7554,0.9054,0.0553,-0.4208,0.9980,72,3.915736,-1.3043,-0.5236
BiancaGolden_CircleTurns,-329.9085,-51.7817,195.9632,2.7271,-20.5227,8.9229,0.9235,0.0332,-0.3820,0.9980,72,3.943615,-1.2991,-0.5178
BiancaGolden_CircleTurns,-329.2014,-51.1181,195.9465,3.8015,-20.2064,7.1934,0.9203,0.0029,-0.3913,0.9980,73,3.971121,-1.2920,-0.5112
BiancaGolden_CircleTurns,-328.5158,-50.4853,195.7573,4.6300,-20.0878,5.2815,0.9135,-0.0035,-0.4068,0.9980,73,3.999468,-1.2852,-0.5049
BiancaGolden_CircleTurns,-327.8458,-49.7404,195.4141,5.2335,-20.9598,3.5717,0.9182,-0.0343,-0.3946,0.9980,74,4.027410,-1.2785,-0.4974
BiancaGolden_CircleTurns,-327.0934,-48.8819,195.2076,5.6455,-21.5267,2.8521,0.8854,-0.0571,-0.4612,0.9980,74,4.055480,-1.2709,-0.4888
BiancaGolden_CircleTurns,-326.3618,-48.0125,194.9041,5.7992,-22.1133,2.5039,0.8954,-0.0324,-0.4440,0.9980,75,4.083113,-1.2636,-0.4801
BiancaGolden_CircleTurns,-325.5281,-47.0856,194.4834,5.9519,-22.2960,2.1792,0.8872,0.0387,-0.4597,0.9980,75,4.111385,-1.2553,-0.4709
BiancaGolden_CircleTurns,-324.6270,-46.1685,194.1948,5.3720,-22.8178,2.0525,0.9167,0.0625,-0.3946,0.9980,76,4.139358,-1.2463,-0.4617
BiancaGolden_CircleTurns,-323.5343,-45.3093,193.8573,5.2164,-23.0107,2.4674,0.9243,0.1106,-0.3653,0.9980,76,4.166893,-1.2353,-0.4531
BiancaGolden_CircleTurns,-322.4552,-44.2749,193.5231,4.4171,-23.1782,2.8311,0.9197,0.1200,-0.3739,0.9980,77,4.194742,-1.2246,-0.4427
BiancaGolden_CircleTurns,-321.2614,-43.3212,193.1598,3.3531,-23.2885,3.2303,0.9190,0.1223,-0.3749,0.9980,77,4.225797,-1.2126,-0.4332
BiancaGolden_CircleTurns,-319.9200,-42.2916,192.8329,2.4914,-23.2607,3.4029,0.9132,0.1391,-0.3831,0.9980,78,4.250847,-1.1992,-0.4229
BiancaGolden_CircleTurns,-318.4605,-41.1666,192.5113,1.8415,-22.8807,3.5415,0.9181,0.1392,-0.3712,0.9980,78,4.278036,-1.1846,-0.4117
BiancaGolden_CircleTurns,-317.0093,-40.0689,192.2060,1.6650,-22.3390,3.5785,0.9215,0.1262,-0.3674,0.9980,79,4.305888,-1.1701,-0.4007
BiancaGolden_CircleTurns,-315.6104,-38.9893,191.9476,2.1416,-22.0782,3.2190,0.9238,0.1211,-0.3633,0.9980,79,4.333871,-1.1561,-0.3899
BiancaGolden_CircleTurns,-314.1953,-37.8092,192.0172,2.8806,-22.3564,2.8662,0.9263,0.1234,-0.3559,0.9980,80,4.361740,-1.1420,-0.3781
BiancaGolden_CircleTurns,-312.9146,-36.5834,192.2717,2.8950,-22.6304,3.3033,0.9258,0.1306,-0.3547,0.9980,80,4.389750,-1.1291,-0.3658
BiancaGolden_CircleTurns,-311.7936,-35.3900,192.6933,2.8549,-22.7685,3.7366,0.9233,0.1452,-0.3556,0.9980,81,4.416906,-1.1179,-0.3539
BiancaGolden_CircleTurns,-310.9797,-34.1521,193.0585,3.0259,-22.8030,4.7152,0.9191,0.1570,-0.3615,0.9980,81,4.444945,-1.1098,-0.3415
BiancaGolden_CircleTurns,-310.1861,-32.9134,193.5183,2.5336,-22.4679,5.9321,0.9178,0.1721,-0.3579,0.9980,82,4.472775,-1.1019,-0.3291
BiancaGolden_CircleTurns,-309.4391,-31.7232,194.1576,2.0712,-22.0696,7.0027,0.9195,0.1567,-0.3604,0.9980,82,4.500835,-1.0944,-0.3172
BiancaGolden_CircleTurns,-308.8058,-30.5090,194.7620,1.8517,-22.0658,7.8750,0.9158,0.1486,-0.3731,0.9980,83,4.528767,-1.0881,-0.3051
BiancaGolden_CircleTurns,-308.1705,-29.2925,195.3724,1.4609,-21.6796,8.3728,0.9236,0.1335,-0.3593,0.9980,83,4.556864,-1.0817,-0.2929
BiancaGolden_CircleTurns,-307.5985,-27.9836,195.7611,1.5181,-20.8523,8.5239,0.9254,0.1325,-0.3551,0.9980,84,4.584671,-1.0760,-0.2798
BiancaGolden_CircleTurns,-307.0135,-26.6106,196.0292,1.6085,-20.1036,9.1016,0.9228,0.1329,-0.3617,0.9980,84,4.612813,-1.0701,-0.2661
BiancaGolden_CircleTurns,-306.4240,-25.2909,196.1680,1.8570,-19.4587,9.2298,0.9264,0.0975,-0.3636,0.9980,85,4.639322,-1.0642,-0.2529
BiancaGolden_CircleTurns,-305.8264,-24.0097,196.2168,2.0803,-19.1510,9.0596,0.9254,0.0830,-0.3698,0.9980,85,4.667306,-1.0583,-0.2401
BiancaGolden_CircleTurns,-305.3127,-22.6200,196.1558,2.8833,-18.9168,8.5209,0.9272,0.0747,-0.3670,0.9980,86,4.695762,-1.0531,-0.2262
BiancaGolden_CircleTurns,-304.8333,-21.1290,196.0706,3.2461,-18.5511,8.2032,0.9295,0.0605,-0.3638,0.9980,86,4.723621,-1.0483,-0.2113
BiancaGolden_CircleTurns,-304.5430,-19.6440,195.6549,3.3859,-18.1813,7.5012,0.9253,0.0498,-0.3759,0.9980,87,4.751827,-1.0454,-0.1964
BiancaGolden_CircleTurns,-304.3418,-18.1512,195.1568,3.8559,-18.2144,7.0055,0.9192,0.0475,-0.3908,0.9980,87,4.779768,-1.0434,-0.1815
BiancaGolden_CircleTurns,-304.1553,-16.5288,194.8642,4.2830,-18.8605,6.6522,0.9111,0.0440,-0.4099,0.9980,88,4.807425,-1.0416,-0.1653
BiancaGolden_CircleTurns,-303.9478,-14.8225,194.7018,4.5679,-19.7035,6.3508,0.9098,0.0405,-0.4131,0.9980,88,4.835516,-1.0395,-0.1482
BiancaGolden_CircleTurns,-303.6880,-12.8960,194.6206,5.0360,-19.9523,6.3713,0.9084,0.0610,-0.4136,0.9980,89,4.863730,-1.0369,-0.1290
BiancaGolden_CircleTurns,-303.3473,-10.5983,194.7038,4.6999,-20.2003,7.3573,0.9062,0.0863,-0.4140,0.9980,89,4.893869,-1.0335,-0.1060
BiancaGolden_CircleTurns,-303.1517,-8.3749,194.6833,3.9518,-20.3710,8.9073,0.9123,0.0843,-0.4009,0.9980,90,4.919013,-1.0315,-0.0837
BiancaGolden_CircleTurns,-302.8921,-6.3957,194.6728,3.4205,-19.8345,9.7020,0.8932,0.0828,-0.4419,0.9980,90,4.946406,-1.0289,-0.0640
BiancaGolden_CircleTurns,-302.4370,-4.6627,194.8385,4.2383,-18.9137,10.1758,0.8787,0.0555,-0.4741,0.9980,91,4.974174,-1.0244,-0.0466
BiancaGolden_CircleTurns,-301.9481,-3.0818,195.0792,4.6131,-18.5140,9.9768,0.8529,0.0067,-0.5221,0.9980,91,5.002307,-1.0195,-0.0308
BiancaGolden_CircleTurns,-301.4343,-1.7269,195.3983,4.7898,-18.3551,9.2894,0.8354,-0.0100,-0.5495,0.9980,92,5.030661,-1.0143,-0.0173
BiancaGolden_CircleTurns,-300.9096,-0.4894,195.6576,5.3760,-18.0026,8.9668,0.8378,-0.0143,-0.5458,0.9980,92,5.062198,-1.0091,-0.0049
BiancaGolden_CircleTurns,-300.2876,0.6171,196.0753,5.7517,-17.0684,8.9897,0.8461,-0.0156,-0.5327,0.9980,93,5.086197,-1.0029,0.0062
BiancaGolden_CircleTurns,-299.6892,1.5620,196.4729,5.5812,-16.1077,9.2075,0.8461,-0.0171,-0.5327,0.9980,93,5.113273,-0.9969,0.0156
BiancaGolden_CircleTurns,-299.1013,2.2956,196.7960,5.1558,-15.3497,9.2554,0.8411,-0.0169,-0.5406,0.9980,94,5.141159,-0.9910,0.0230
BiancaGolden_CircleTurns,-298.4468,2.8237,197.0315,4.7622,-15.0718,9.0183,0.8262,-0.0173,-0.5630,0.9980,94,5.169362,-0.9845,0.0282
BiancaGolden_CircleTurns,-297.7098,3.2745,197.1812,4.0296,-14.9284,8.5541,0.8111,-0.0244,-0.5843,0.9980,95,5.197140,-0.9771,0.0327
BiancaGolden_CircleTurns,-296.9341,3.5996,197.1531,3.3673,-14.8499,8.2581,0.8102,-0.0200,-0.5858,0.9980,95,5.225455,-0.9693,0.0360
BiancaGolden_CircleTurns,-296.1284,3.9047,197.1213,2.7480,-14.7543,8.2661,0.8075,-0.0082,-0.5899,0.9980,96,5.253207,-0.9613,0.0390
BiancaGolden_CircleTurns,-295.2143,4.1210,197.1879,2.1679,-14.0442,8.9018,0.8292,0.0244,-0.5585,0.9980,96,5.281468,-0.9521,0.0412
BiancaGolden_CircleTurns,-294.2642,4.4585,197.5265,2.6596,-12.0633,10.7508,0.8572,0.0735,-0.5097,0.9980,97,5.309725,-0.9426,0.0446
BiancaGolden_CircleTurns,-293.3024,4.8994,198.0320,2.8466,-8.6388,13.7001,0.8783,0.0841,-0.4706,0.9980,97,5.337310,-0.9330,0.0490
BiancaGolden_CircleTurns,-292.3867,5.0115,198.3581,1.4783,-5.0435,15.7402,0.8827,-0.0180,-0.4697,0.9980,98,5.364854,-0.9239,0.0501
BiancaGolden_CircleTurns,-291.4151,4.8140,198.4648,1.2272,-2.5970,16.7324,0.8796,-0.0339,-0.4744,0.9980,98,5.393610,-0.9142,0.0481
BiancaGolden_CircleTurns,-290.2820,4.4463,198.5186,1.3653,-0.9421,17.3564,0.8782,-0.0605,-0.4745,0.9980,99,5.420504,-0.9028,0.0445
BiancaGolden_CircleTurns,-289.0596,3.9233,198.5312,1.6094,0.2607,17.5882,0.8692,-0.0795,-0.4880,0.9980,99,5.448316,-0.8906,0.0392
BiancaGolden_CircleTurns,-287.6994,3.2910,198.4421,1.7451,1.2034,17.7414,0.8610,-0.1003,-0.4987,0.9980,100,5.476197,-0.8770,0.0329
BiancaGolden_CircleTurns,-286.1076,2.4617,198.4213,1.6080,1.5992,17.2270,0.8606,-0.1487,-0.4871,0.9980,100,5.504398,-0.8611,0.0246
BiancaGolden_CircleTurns,-284.5479,1.6312,198.4772,2.0222,1.8397,16.9721,0.8546,-0.1542,-0.4959,0.9980,101,5.532259,-0.8455,0.0163
BiancaGolden_CircleTurns,-282.8374,0.8274,198.3011,1.7786,1.2660,16.9265,0.8448,-0.1413,-0.5161,0.9980,101,5.560364,-0.8284,0.0083
BiancaGolden_CircleTurns,-281.2754,-0.0178,198.4574,1.5608,0.5558,17.0898,0.8446,-0.0934,-0.5272,0.9980,102,5.587829,-0.8128,-0.0002
BiancaGolden_CircleTurns,-279.6782,-0.8722,198.4414,1.2157,-0.0888,17.4498,0.8456,-0.0943,-0.5254,0.9980,102,5.615930,-0.7968,-0.0087
BiancaGolden_CircleTurns,-278.0785,-1.7235,198.6211,0.6913,-0.5430,17.7681,0.8421,-0.0857,-0.5325,0.9980,103,5.643304,-0.7808,-0.0172
BiancaGolden_CircleTurns,-276.5096,-2.5555,198.9457,0.0195,-0.7902,17.8441,0.8299,-0.0424,-0.5563,0.9980,103,5.671649,-0.7651,-0.0256
BiancaGolden_CircleTurns,-274.9956,-3.3861,199.0503,-0.5874,-1.4250,17.7667,0.8156,-0.0743,-0.5738,0.9980,104,5.699179,-0.7500,-0.0339
BiancaGolden_CircleTurns,-273.5542,-4.1221,199.0524,-1.0472,-2.4258,17.6141,0.8038,-0.0908,-0.5879,0.9980,104,5.727162,-0.7355,-0.0412
BiancaGolden_CircleTurns,-272.0349,-4.8272,198.9097,-1.2603,-3.7515,17.4460,0.8055,-0.0914,-0.5855,0.9980,105,5.754794,-0.7203,-0.0483
BiancaGolden_CircleTurns,-270.4895,-5.4469,198.7582,-1.3300,-5.5282,17.1612,0.8533,-0.0346,-0.5202,0.9980,105,5.783125,-0.7049,-0.0545
BiancaGolden_CircleTurns,-269.0636,-5.9873,198.5187,-1.2572,-8.0496,16.8814,0.8442,-0.0353,-0.5349,0.9980,106,5.811061,-0.6906,-0.0599
BiancaGolden_CircleTurns,-267.6608,-6.4775,198.2618,-0.8320,-10.8664,16.6167,0.8703,0.0041,-0.4925,0.9980,106,5.839115,-0.6766,-0.0648
BiancaGolden_CircleTurns,-266.1499,-6.8203,198.2654,-0.5747,-12.5693,16.0326,0.8805,0.0142,-0.4739,0.9980,107,5.867042,-0.6615,-0.0682
BiancaGolden_CircleTurns,-264.5765,-7.0783,198.2490,-0.1657,-13.1097,15.4097,0.8788,0.0292,-0.4762,0.9980,107,5.898353,-0.6458,-0.0708
BiancaGolden_CircleTurns,-263.0390,-7.2651,198.0360,0.2715,-13.7207,14.9206,0.8934,0.0249,-0.4485,0.9980,108,5.922719,-0.6304,-0.0727
BiancaGolden_CircleTurns,-261.4783,-7.3995,197.9125,0.6794,-14.4749,14.4971,0.9065,0.0338,-0.4209,0.9980,108,5.949485,-0.6148,-0.0740
BiancaGolden_CircleTurns,-259.8665,-7.4471,197.7244,0.9113,-14.9478,14.1109,0.9137,0.0305,-0.4052,0.9980,109,5.977439,-0.5987,-0.0745
BiancaGolden_CircleTurns,-258.2361,-7.4155,197.5101,0.9725,-15.4031,13.7361,0.9220,0.0327,-0.3859,0.9980,109,6.005470,-0.5824,-0.0742
BiancaGolden_CircleTurns,-256.5463,-7.3077,197.2639,0.9445,-15.6437,13.3102,0.9234,0.0437,-0.3814,0.9980,110,6.033470,-0.5655,-0.0731
BiancaGolden_CircleTurns,-254.8162,-7.1221,197.0136,0.8592,-15.6986,12.8386,0.9273,0.0359,-0.3727,0.9980,110,6.061417,-0.5482,-0.0712
BiancaGolden_CircleTurns,-253.0893,-6.8782,196.6644,0.8685,-15.6779,12.3098,0.9309,0.0443,-0.3626,0.9980,111,6.089128,-0.5309,-0.0688
BiancaGolden_CircleTurns,-251.4822,-6.5039,196.1999,0.7146,-15.7137,11.6937,0.9301,0.0359,-0.3655,0.9980,111,6.116607,-0.5148,-0.0650
BiancaGolden_CircleTurns,-249.9184,-6.0212,195.8027,0.5093,-15.9011,11.0699,0.9276,0.0366,-0.3718,0.9980,112,6.144345,-0.4992,-0.0602
BiancaGolden_CircleTurns,-248.3888,-5.3967,195.5203,0.2955,-16.2004,10.3924,0.9274,0.0269,-0.3730,0.9980,112,6.172315,-0.4839,-0.0540
BiancaGolden_CircleTurns,-246.8920,-4.6897,195.2195,0.3873,-16.2802,9.6714,0.9312,0.0235,-0.3638,0.9980,113,6.200125,-0.4689,-0.0469
BiancaGolden_CircleTurns,-245.1306,-3.9544,195.4142,0.6488,-15.9914,8.8195,0.9379,0.0091,-0.3467,0.9980,113,6.228415,-0.4513,-0.0395
BiancaGolden_CircleTurns,-243.7350,-3.2893,195.2190,0.9161,-14.9997,7.8793,0.9388,0.0105,-0.3442,0.9980,114,6.255939,-0.4374,-0.0329
BiancaGolden_CircleTurns,-242.3182,-2.7694,195.1634,1.5799,-14.7694,7.2374,0.9347,-0.0024,-0.3554,0.9980,114,6.283704,-0.4232,-0.0277
BiancaGolden_CircleTurns,-240.8387,-2.4136,195.6575,2.3194,-14.6715,5.7023,0.9350,-0.0315,-0.3532,0.9980,115,6.311473,-0.4084,-0.0241
BiancaGolden_CircleTurns,-239.5103,-2.2511,195.9142,3.8869,-14.3316,4.0649,0.9384,-0.0424,-0.3429,0.9980,115,6.340250,-0.3951,-0.0225
BiancaGolden_CircleTurns,-238.1700,-2.1039,196.3260,4.6788,-13.3746,2.6078,0.9409,-0.0420,-0.3359,0.9980,116,6.367529,-0.3817,-0.0210
BiancaGolden_CircleTurns,-236.8672,-2.1002,196.8252,5.0705,-12.7164,1.3118,0.9389,-0.0588,-0.3393,0.9980,116,6.395412,-0.3687,-0.0210
BiancaGolden_CircleTurns,-235.6686,-2.2006,197.2408,5.1799,-12.5233,0.1092,0.9342,-0.0457,-0.3539,0.9980,117,6.423199,-0.3567,-0.0220
BiancaGolden_CircleTurns,-234.4900,-2.3218,197.5506,4.9467,-12.4403,-0.8853,0.9315,-0.0455,-0.3610,0.9980,117,6.451212,-0.3449,-0.0232
BiancaGolden_CircleTurns,-233.3798,-2.5404,197.6768,4.2574,-12.5890,-1.7745,0.9274,-0.0472,-0.3711,0.9980,118,6.478561,-0.3338,-0.0254
BiancaGolden_CircleTurns,-232.2807,-2.8186,197.7610,3.7566,-12.8939,-2.6726,0.9219,-0.0357,-0.3857,0.9980,118,6.506569,-0.3228,-0.0282
BiancaGolden_CircleTurns,-231.2062,-3.0657,197.7777,3.2625,-13.1839,-3.3649,0.9175,-0.0239,-0.3970,0.9980,119,6.534318,-0.3121,-0.0307
BiancaGolden_CircleTurns,-230.1490,-3.3874,197.7401,2.8142,-13.3222,-3.6985,0.9133,-0.0134,-0.4070,0.9980,119,6.563233,-0.3015,-0.0339
BiancaGolden_CircleTurns,-229.0913,-3.7853,197.6939,2.4642,-13.2673,-3.9164,0.9140,0.0034,-0.4057,0.9980,120,6.590226,-0.2909,-0.0379
BiancaGolden_CircleTurns,-228.0018,-4.2877,197.6741,2.2661,-13.1243,-3.9202,0.9146,0.0122,-0.4041,0.9980,120,6.618107,-0.2800,-0.0429
BiancaGolden_CircleTurns,-226.9519,-4.8508,197.5325,1.8965,-13.0429,-3.8406,0.9126,0.0221,-0.4082,0.9980,121,6.645838,-0.2695,-0.0485
BiancaGolden_CircleTurns,-225.8729,-5.5569,197.4272,1.6114,-13.2259,-3.7058,0.9082,0.0285,-0.4177,0.9980,121,6.674058,-0.2587,-0.0556
BiancaGolden_CircleTurns,-224.7540,-6.3405,197.3343,1.5495,-13.3867,-3.5846,0.9066,0.0354,-0.4206,0.9980,122,6.701294,-0.2475,-0.0634
BiancaGolden_CircleTurns,-223.6268,-7.2207,197.2159,1.5671,-13.5032,-3.2040,0.9035,0.0456,-0.4261,0.9980,122,6.732705,-0.2363,-0.0722
BiancaGolden_CircleTurns,-222.4880,-8.2158,196.9523,1.0760,-13.9973,-2.6732,0.9007,0.0511,-0.4314,0.9980,123,6.757565,-0.2249,-0.0822
BiancaGolden_CircleTurns,-221.2754,-9.3252,196.7452,0.3953,-14.5234,-2.1966,0.9150,0.0439,-0.4011,0.9980,123,6.784488,-0.2128,-0.0933
BiancaGolden_CircleTurns,-219.9979,-10.5516,196.4331,-0.5086,-15.0284,-1.8956,0.9353,0.0300,-0.3526,0.9980,124,6.812044,-0.2000,-0.1055
BiancaGolden_CircleTurns,-218.5967,-11.9058,196.0405,-1.3303,-15.6296,-1.6735,0.9337,0.0330,-0.3565,0.9980,124,6.839752,-0.1860,-0.1191
BiancaGolden_CircleTurns,-217.0674,-13.3288,195.6216,-1.9654,-16.3140,-1.5756,0.9308,0.0296,-0.3643,0.9980,125,6.867670,-0.1707,-0.1333
BiancaGolden_CircleTurns,-215.4673,-14.8170,195.2088,-2.2462,-16.9215,-1.2772,0.9311,0.0345,-0.3632,0.9980,125,6.896044,-0.1547,-0.1482
BiancaGolden_CircleTurns,-213.7891,-16.3464,194.9517,-2.5616,-17.0738,-0.9063,0.9389,0.0366,-0.3422,0.9980,126,6.923793,-0.1379,-0.1635
BiancaGolden_CircleTurns,-211.9230,-17.9878,195.0629,-2.7578,-16.8653,-0.5028,0.9400,0.0428,-0.3384,0.9980,126,6.952228,-0.1192,-0.1799
BiancaGolden_CircleTurns,-210.3705,-19.7114,194.4724,-2.8725,-16.6755,-0.0847,0.9393,0.0595,-0.3379,0.9980,127,6.979957,-0.1037,-0.1971
BiancaGolden_CircleTurns,-208.6158,-21.4410,194.6455,-3.0701,-16.7782,0.4061,0.9412,0.0705,-0.3303,0.9980,127,7.007800,-0.0862,-0.2144
BiancaGolden_CircleTurns,-206.9516,-23.1818,194.6204,-3.2601,-16.3316,0.9236,0.9412,0.0768,-0.3291,0.9980,128,7.035530,-0.0695,-0.2318
BiancaGolden_CircleTurns,-205.4825,-24.8456,194.4067,-3.1249,-16.2028,1.6394,0.9374,0.0901,-0.3363,0.9980,128,7.063499,-0.0548,-0.2485
BiancaGolden_CircleTurns,-204.0360,-26.3211,194.7634,-3.6034,-16.6848,2.4377,0.9305,0.1015,-0.3520,0.9980,129,7.091133,-0.0404,-0.2632
BiancaGolden_CircleTurns,-202.6424,-27.7959,195.2455,-3.7433,-17.3139,3.1603,0.9256,0.1063,-0.3634,0.9980,129,7.118746,-0.0264,-0.2780
BiancaGolden_CircleTurns,-201.3779,-29.1262,195.6082,-3.5123,-17.8623,3.6551,0.9273,0.1117,-0.3572,0.9980,130,7.146271,-0.0138,-0.2913
BiancaGolden_CircleTurns,-200.0307,-30.3094,196.0462,-3.3314,-17.5230,3.9957,0.9337,0.1161,-0.3386,0.9980,130,7.174346,-0.0003,-0.3031
BiancaGolden_CircleTurns,-198.5909,-31.3912,196.4740,-3.0614,-16.5589,4.2415,0.9362,0.1153,-0.3320,0.9980,131,7.202295,0.0141,-0.3139
BiancaGolden_CircleTurns,-197.1749,-32.3514,196.8666,-2.9224,-16.0623,4.4728,0.9357,0.1177,-0.3326,0.9980,131,7.230475,0.0283,-0.3235
BiancaGolden_CircleTurns,-195.8136,-33.1767,197.0366,-2.8235,-16.0541,4.6761,0.9303,0.1160,-0.3479,0.9980,132,7.258261,0.0419,-0.3318
BiancaGolden_CircleTurns,-194.4639,-33.8626,197.1795,-2.7380,-16.1789,4.8779,0.9254,0.1258,-0.3575,0.9980,132,7.286092,0.0554,-0.3386
BiancaGolden_CircleTurns,-193.1449,-34.4667,197.1566,-2.6034,-16.4861,5.2066,0.9201,0.1343,-0.3679,0.9980,133,7.313515,0.0686,-0.3447
BiancaGolden_CircleTurns,-191.7668,-34.9898,197.2052,-2.3390,-16.6316,5.5689,0.9159,0.1406,-0.3761,0.9980,133,7.341399,0.0823,-0.3499
BiancaGolden_CircleTurns,-190.3766,-35.4106,197.1592,-2.4869,-16.7875,5.8015,0.9143,0.1335,-0.3823,0.9980,134,7.368947,0.0962,-0.3541
BiancaGolden_CircleTurns,-189.0104,-35.7813,196.9725,-2.3899,-17.0643,5.8241,0.9148,0.1289,-0.3827,0.9980,134,7.397912,0.1099,-0.3578
BiancaGolden_CircleTurns,-187.6627,-36.0295,196.7272,-2.1247,-17.1235,5.5998,0.9183,0.1249,-0.3755,0.9980,135,7.426120,0.1234,-0.3603
BiancaGolden_CircleTurns,-186.3865,-36.1064,196.3373,-1.9542,-16.8625,5.3779,0.9173,0.1208,-0.3794,0.9980,135,7.452778,0.1361,-0.3611
BiancaGolden_CircleTurns,-185.2840,-36.0029,195.8729,-2.3013,-16.7455,4.9860,0.9163,0.1120,-0.3845,0.9980,136,7.479654,0.1472,-0.3600
BiancaGolden_CircleTurns,-184.3392,-35.7149,195.4271,-2.8922,-17.0559,4.3272,0.9151,0.1118,-0.3873,0.9980,136,7.507809,0.1566,-0.3571
BiancaGolden_CircleTurns,-183.4407,-35.2556,194.9851,-2.8229,-17.1359,3.8953,0.9151,0.1188,-0.3854,0.9980,137,7.536022,0.1656,-0.3526
BiancaGolden_CircleTurns,-182.2687,-34.7113,195.0366,-2.2773,-16.6070,3.7636,0.9222,0.1194,-0.3678,0.9980,137,7.568222,0.1773,-0.3471
BiancaGolden_CircleTurns,-181.0707,-34.2101,195.4675,-1.9948,-15.5454,3.7067,0.9227,0.1344,-0.3614,0.9980,138,7.592813,0.1893,-0.3421
BiancaGolden_CircleTurns,-180.2708,-33.8032,195.2965,-1.3225,-14.9961,3.9658,0.9198,0.1390,-0.3670,0.9980,138,7.619512,0.1973,-0.3380
BiancaGolden_CircleTurns,-179.2899,-33.4711,195.6440,-0.6996,-14.8000,4.2859,0.9165,0.1401,-0.3748,0.9980,139,7.647233,0.2071,-0.3347
BiancaGolden_CircleTurns,-178.4562,-33.3232,196.0015,-0.1589,-14.8873,4.5713,0.9083,0.1429,-0.3932,0.9980,139,7.674821,0.2154,-0.3332
BiancaGolden_CircleTurns,-177.7763,-33.2816,196.1983,0.1118,-15.4081,4.8262,0.9062,0.1420,-0.3984,0.9980,140,7.703010,0.2222,-0.3328
BiancaGolden_CircleTurns,-177.0059,-33.3222,196.6495,0.2642,-15.5750,5.0577,0.9054,0.1383,-0.4013,0.9980,140,7.730869,0.2299,-0.3332
BiancaGolden_CircleTurns,-176.2817,-33.4689,196.9938,0.2702,-15.2961,5.3121,0.9094,0.1381,-0.3923,0.9980,141,7.759429,0.2372,-0.3347
BiancaGolden_CircleTurns,-175.6395,-33.7137,197.2332,0.3143,-14.9670,5.5760,0.9111,0.1356,-0.3893,0.9980,141,7.787110,0.2436,-0.3371
BiancaGolden_CircleTurns,-175.0497,-34.0280,197.4520,0.1638,-14.6331,5.7370,0.9122,0.1348,-0.3869,0.9980,142,7.814778,0.2495,-0.3403
BiancaGolden_CircleTurns,-174.5113,-34.4010,197.5277,-0.2293,-14.3677,5.7512,0.9118,0.1344,-0.3880,0.9980,142,7.843346,0.2549,-0.3440
BiancaGolden_CircleTurns,-173.9852,-34.8027,197.6031,-0.6272,-14.2203,5.7484,0.9075,0.1361,-0.3974,0.9980,143,7.870583,0.2601,-0.3480
BiancaGolden_CircleTurns,-173.5078,-35.2812,197.5399,-0.7797,-14.2013,5.8995,0.9057,0.1421,-0.3995,0.9980,143,7.898940,0.2649,-0.3528
BiancaGolden_CircleTurns,-173.0637,-35.7789,197.4369,-0.7177,-14.1315,6.2248,0.9055,0.1486,-0.3975,0.9980,144,7.925912,0.2694,-0.3578
BiancaGolden_CircleTurns,-172.6801,-36.3656,197.2422,-0.6773,-14.0038,6.6371,0.9009,0.1524,-0.4064,0.9980,144,7.953703,0.2732,-0.3637
BiancaGolden_CircleTurns,-172.4554,-37.0431,196.9646,-0.4778,-14.0337,7.2366,0.8959,0.1616,-0.4138,0.9980,145,7.981487,0.2754,-0.3704
BiancaGolden_CircleTurns,-172.3876,-37.8038,196.7092,-0.3926,-14.5278,8.1411,0.8884,0.1777,-0.4234,0.9980,145,8.009866,0.2761,-0.3780
BiancaGolden_CircleTurns,-172.4496,-38.6654,196.5165,-0.3993,-15.1564,9.2563,0.8348,0.1781,-0.5209,0.9980,146,8.037282,0.2755,-0.3867
BiancaGolden_CircleTurns,-172.4650,-39.6417,196.5120,-0.5688,-15.4433,10.3705,0.8251,0.1948,-0.5303,0.9980,146,8.065456,0.2753,-0.3964
BiancaGolden_CircleTurns,-172.4046,-40.6819,196.8726,-0.9767,-14.8043,11.2742,0.8107,0.2090,-0.5470,0.9980,147,8.092996,0.2760,-0.4068
BiancaGolden_CircleTurns,-172.2660,-41.7940,197.2488,-1.3346,-14.2027,12.0270,0.8285,0.2048,-0.5212,0.9980,147,8.120801,0.2773,-0.4179
BiancaGolden_CircleTurns,-172.2224,-42.9681,197.4243,-1.9638,-13.8314,12.3962,0.8597,0.2450,-0.4483,0.9980,148,8.148683,0.2778,-0.4297
BiancaGolden_CircleTurns,-172.1260,-44.1220,197.6112,-2.5972,-13.7319,12.6019,0.8878,0.2407,-0.3923,0.9980,148,8.176615,0.2787,-0.4412
BiancaGolden_CircleTurns,-171.9586,-45.2305,197.7660,-3.1740,-13.6736,12.6382,0.8925,0.2266,-0.3899,0.9980,149,8.204549,0.2804,-0.4523
BiancaGolden_CircleTurns,-171.7045,-46.3078,197.8823,-3.5042,-13.5012,12.6855,0.8957,0.2268,-0.3825,0.9980,149,8.232985,0.2830,-0.4631
BiancaGolden_CircleTurns,-171.4365,-47.3426,197.9186,-3.5645,-13.1642,12.7485,0.8994,0.2185,-0.3786,0.9980,150,8.259605,0.2856,-0.4734
BiancaGolden_CircleTurns,-171.1303,-48.3379,197.9324,-3.5888,-12.8610,12.9010,0.8995,0.2240,-0.3752,0.9980,150,8.287346,0.2887,-0.4834
BiancaGolden_CircleTurns,-170.8262,-49.2837,197.8907,-3.5934,-12.7269,13.2333,0.8971,0.2300,-0.3773,0.9980,151,8.315581,0.2917,-0.4928
BiancaGolden_CircleTurns,-170.5244,-50.2131,197.8399,-3.6198,-12.8315,13.6787,0.8913,0.2370,-0.3866,0.9980,151,8.343773,0.2948,-0.5021
BiancaGolden_CircleTurns,-170.1980,-51.1255,197.8205,-3.7474,-13.0583,14.2479,0.8846,0.2532,-0.3917,0.9980,152,8.371586,0.2980,-0.5113
BiancaGolden_CircleTurns,-169.8556,-52.0006,197.8412,-3.9995,-13.0811,14.6878,0.8833,0.2609,-0.3895,0.9980,152,8.403406,0.3014,-0.5200
BiancaGolden_CircleTurns,-169.4877,-52.8400,197.9180,-4.4225,-12.9216,15.0641,0.8816,0.2697,-0.3874,0.9980,153,8.427727,0.3051,-0.5284
BiancaGolden_CircleTurns,-169.1362,-53.6258,197.9409,-4.7837,-12.7455,15.5062,0.8793,0.2719,-0.3910,0.9980,153,8.454914,0.3086,-0.5363
BiancaGolden_CircleTurns,-168.8314,-54.3686,197.9352,-5.3691,-12.7789,15.9480,0.8759,0.2794,-0.3934,0.9980,154,8.483092,0.3117,-0.5437
BiancaGolden_CircleTurns,-168.5149,-55.0698,197.9296,-5.8857,-12.8193,16.3613,0.8757,0.2824,-0.3917,0.9980,154,8.510571,0.3149,-0.5507
BiancaGolden_CircleTurns,-168.1938,-55.7179,197.9347,-6.3500,-12.8235,16.6119,0.8777,0.2733,-0.3937,0.9980,155,8.538495,0.3181,-0.5572
BiancaGolden_CircleTurns,-167.9288,-56.3022,197.8769,-6.7276,-12.8834,16.7672,0.8757,0.2777,-0.3950,0.9980,155,8.566381,0.3207,-0.5630
BiancaGolden_CircleTurns,-167.6855,-56.8297,197.8266,-6.9420,-12.9618,17.0212,0.8735,0.2827,-0.3962,0.9980,156,8.594373,0.3231,-0.5683
BiancaGolden_CircleTurns,-167.4432,-57.2826,197.8689,-7.2036,-12.9633,17.2730,0.8744,0.2810,-0.3955,0.9980,156,8.622602,0.3256,-0.5728
BiancaGolden_CircleTurns,-167.2273,-57.6765,197.9138,-7.4537,-12.9521,17.5007,0.8750,0.2846,-0.3915,0.9980,157,8.649779,0.3277,-0.5768
BiancaGolden_CircleTurns,-167.0380,-57.9989,197.9384,-7.4912,-12.9211,17.7306,0.8753,0.2874,-0.3889,0.9980,157,8.678104,0.3296,-0.5800
BiancaGolden_CircleTurns,-166.8649,-58.2594,197.9605,-7.4897,-12.8170,17.9945,0.8763,0.2850,-0.3885,0.9980,158,8.705754,0.3314,-0.5826
BiancaGolden_CircleTurns,-166.7007,-58.4717,197.9489,-7.4631,-12.7420,18.2296,0.8736,0.2933,-0.3883,0.9980,158,8.733749,0.3330,-0.5847
BiancaGolden_CircleTurns,-166.5623,-58.6300,197.9283,-7.4740,-12.7516,18.4376,0.8691,0.2961,-0.3962,0.9980,159,8.762256,0.3344,-0.5863
BiancaGolden_CircleTurns,-166.4385,-58.7489,197.8821,-7.5994,-12.7812,18.5983,0.8724,0.2900,-0.3935,0.9980,159,8.789680,0.3356,-0.5875
BiancaGolden_CircleTurns,-166.3138,-58.8077,197.8786,-7.7888,-12.8057,18.6614,0.8700,0.2891,-0.3995,0.9980,160,8.817330,0.3369,-0.5881
BiancaGolden_CircleTurns,-166.2060,-58.8282,197.8815,-7.9203,-12.7816,18.6915,0.8698,0.2898,-0.3995,0.9980,160,8.845309,0.3379,-0.5883
BiancaGolden_CircleTurns,-166.1140,-58.7840,197.9018,-8.0319,-12.7812,18.7133,0.8676,0.2901,-0.4039,0.9980,161,8.873489,0.3389,-0.5878
BiancaGolden_CircleTurns,-166.0490,-58.6979,197.9330,-8.0967,-12.8382,18.7073,0.8664,0.2904,-0.4062,0.9980,161,8.901452,0.3395,-0.5870
BiancaGolden_CircleTurns,-166.0272,-58.6212,197.9846,-7.9819,-12.8602,18.6705,0.8657,0.2892,-0.4087,0.9980,162,8.928951,0.3397,-0.5862
BiancaGolden_CircleTurns,-165.9716,-58.4983,198.0714,-7.9468,-12.8759,18.6594,0.8664,0.2884,-0.4077,0.9980,162,8.942834,0.3403,-0.5850
BiancaGolden_CircleTurns,-165.9523,-58.4209,198.1278,-7.7346,-12.8250,18.6473,0.8676,0.2879,-0.4054,0.9980,163,8.957931,0.3405,-0.5842
BiancaGolden_CircleTurns,-165.9324,-58.3314,198.1777,-7.4922,-12.7291,18.6469,0.8684,0.2877,-0.4039,0.9980,163,8.971186,0.3407,-0.5833
BiancaGolden_CircleTurns,-165.9016,-58.2539,198.2289,-7.3128,-12.6374,18.6572,0.8671,0.2902,-0.4048,0.9980,164,8.985147,0.3410,-0.5825
BiancaGolden_CircleTurns,-165.8715,-58.1593,198.2806,-7.1242,-12.5217,18.6472,0.8681,0.2897,-0.4030,0.9980,164,8.999840,0.3413,-0.5816
BiancaGolden_CircleTurns,-165.8399,-58.0686,198.3286,-6.9414,-12.3989,18.6424,0.8692,0.2899,-0.4004,0.9980,165,9.013809,0.3416,-0.5807
BiancaGolden_CircleTurns,-165.7955,-57.9774,198.3647,-6.7571,-12.2728,18.6742,0.8718,0.2871,-0.3968,0.9980,165,9.029021,0.3420,-0.5798
BiancaGolden_CircleTurns,-165.7546,-57.8762,198.3919,-6.6056,-12.1569,18.7058,0.8721,0.2879,-0.3956,0.9980,166,9.043628,0.3425,-0.5788
BiancaGolden_CircleTurns,-165.7260,-57.7857,198.4098,-6.4757,-12.0732,18.7616,0.8722,0.2887,-0.3949,0.9980,166,9.057133,0.3427,-0.5779
BiancaGolden_CircleTurns,-165.7112,-57.6893,198.4093,-6.3673,-12.0430,18.8390,0.8752,0.2868,-0.3896,0.9980,167,9.070964,0.3429,-0.5769
BiancaGolden_CircleTurns,-165.6884,-57.6075,198.4228,-6.2215,-12.0362,18.9255,0.8698,0.2874,-0.4010,0.9980,167,9.087847,0.3431,-0.5761
BiancaGolden_CircleTurns,-165.6630,-57.5198,198.4381,-6.0974,-12.0086,18.9983,0.8699,0.2881,-0.4003,0.9980,168,9.099236,0.3434,-0.5752
BiancaGolden_CircleTurns,-165.6274,-57.4332,198.4537,-6.0089,-11.9656,19.0580,0.8685,0.2884,-0.4032,0.9980,168,9.113348,0.3437,-0.5743
BiancaGolden_CircleTurns,-165.5977,-57.3487,198.4564,-5.9676,-11.9399,19.1277,0.8684,0.2890,-0.4028,0.9980,168,9.126294,0.3440,-0.5735
BiancaGolden_CircleTurns,-165.5703,-57.2624,198.4580,-5.8985,-11.9150,19.1838,0.8679,0.2894,-0.4037,0.9980,169,9.140094,0.3443,-0.5726
BiancaGolden_CircleTurns,-165.5370,-57.1934,198.4684,-5.8195,-11.9043,19.2299,0.8681,0.2900,-0.4029,0.9980,169,9.153941,0.3446,-0.5719
BiancaGolden_CircleTurns,-165.5050,-57.1085,198.4733,-5.7397,-11.8543,19.2762,0.8641,0.2968,-0.4064,0.9980,170,9.168157,0.3450,-0.5711
BiancaGolden_CircleTurns,-165.4719,-57.0293,198.4664,-5.6757,-11.8235,19.3367,0.8590,0.3296,-0.3917,0.9980,170,9.181595,0.3453,-0.5703
BiancaGolden_CircleTurns,-165.4488,-56.9516,198.4636,-5.6071,-11.8638,19.4245,0.8603,0.3325,-0.3864,0.9980,170,9.195500,0.3455,-0.5695
BiancaGolden_CircleTurns,-165.4062,-56.8839,198.4712,-5.5346,-11.8791,19.5100,0.8597,0.3346,-0.3860,0.9980,171,9.212337,0.3459,-0.5688
BiancaGolden_CircleTurns,-165.3700,-56.8157,198.4792,-5.4942,-11.9059,19.5872,0.8594,0.3354,-0.3859,0.9980,171,9.222883,0.3463,-0.5682
BiancaGolden_CircleTurns,-165.3287,-56.7422,198.4821,-5.4969,-11.9052,19.6492,0.8589,0.3366,-0.3860,0.9980,172,9.237223,0.3467,-0.5674
BiancaGolden_CircleTurns,-165.2945,-56.6826,198.4814,-5.4515,-11.9137,19.7076,0.8585,0.3374,-0.3862,0.9980,172,9.250976,0.3471,-0.5668
BiancaGolden_CircleTurns,-165.2637,-56.6126,198.4829,-5.4323,-11.9188,19.7656,0.8581,0.3377,-0.3867,0.9980,173,9.265241,0.3474,-0.5661
BiancaGolden_CircleTurns,-165.2306,-56.5619,198.4716,-5.3977,-11.9497,19.8189,0.8561,0.3372,-0.3916,0.9980,173,9.279060,0.3477,-0.5656
BiancaGolden_CircleTurns,-165.2174,-56.5154,198.4490,-5.3852,-11.9853,19.8739,0.8569,0.3343,-0.3925,0.9980,173,9.293426,0.3478,-0.5652
BiancaGolden_CircleTurns,-165.1917,-56.4543,198.4361,-5.3606,-12.0167,19.9166,0.8561,0.3350,-0.3934,0.9980,174,9.306888,0.3481,-0.5645
BiancaGolden_CircleTurns,-165.1639,-56.4158,198.4223,-5.3633,-12.0748,19.9745,0.8557,0.3355,-0.3940,0.9980,174,9.320017,0.3484,-0.5642
BiancaGolden_CircleTurns,-165.1384,-56.3617,198.4112,-5.3422,-12.1091,20.0183,0.8586,0.3290,-0.3931,0.9980,175,9.335449,0.3486,-0.5636
BiancaGolden_CircleTurns,-165.1091,-56.3215,198.4156,-5.3594,-12.1708,20.0599,0.8567,0.3292,-0.3971,0.9980,175,9.348608,0.3489,-0.5632
BiancaGolden_CircleTurns,-165.0933,-56.2758,198.4127,-5.3629,-12.2041,20.0948,0.8557,0.3297,-0.3988,0.9980,176,9.362967,0.3491,-0.5628
BiancaGolden_CircleTurns,-165.0800,-56.2465,198.4042,-5.3298,-12.2356,20.1224,0.8528,0.3298,-0.4049,0.9980,176,9.376470,0.3492,-0.5625
BiancaGolden_CircleTurns,-165.0667,-56.2148,198.3979,-5.3392,-12.2610,20.1527,0.8529,0.3299,-0.4047,0.9980,176,9.391742,0.3493,-0.5621
BiancaGolden_CircleTurns,-165.0582,-56.1772,198.3947,-5.3567,-12.2495,20.1551,0.8543,0.3252,-0.4055,0.9980,177,9.404696,0.3494,-0.5618
BiancaGolden_CircleTurns,-165.0506,-56.1525,198.3756,-5.3562,-12.2738,20.1649,0.8552,0.3252,-0.4036,0.9980,177,9.417624,0.3495,-0.5615
BiancaGolden_CircleTurns,-165.0558,-56.1265,198.3662,-5.2721,-12.2939,20.1772,0.8554,0.3238,-0.4043,0.9980,178,9.432594,0.3494,-0.5613
BiancaGolden_CircleTurns,-165.0560,-56.1056,198.3695,-5.2263,-12.3292,20.1940,0.8552,0.3240,-0.4046,0.9980,178,9.446267,0.3494,-0.5611
BiancaGolden_CircleTurns,-165.0601,-56.0747,198.3754,-5.2374,-12.3463,20.2079,0.8534,0.3240,-0.4083,0.9980,178,9.460408,0.3494,-0.5607
BiancaGolden_CircleTurns,-165.0729,-56.0542,198.3781,-5.2257,-12.3442,20.2304,0.8533,0.3242,-0.4085,0.9980,179,9.474177,0.3493,-0.5605
BiancaGolden_CircleTurns,-165.0954,-56.0353,198.3650,-5.1704,-12.3556,20.2552,0.8531,0.3244,-0.4086,0.9980,179,9.487384,0.3490,-0.5604
BiancaGolden_CircleTurns,-165.0912,-56.0066,198.3681,-5.1026,-12.3661,20.2837,0.8502,0.3259,-0.4133,0.9980,180,9.502609,0.3491,-0.5601
BiancaGolden_CircleTurns,-165.1156,-55.9894,198.3655,-5.0689,-12.3977,20.2995,0.8515,0.3228,-0.4131,0.9980,180,9.515549,0.3488,-0.5599
BiancaGolden_CircleTurns,-165.1411,-55.9750,198.3675,-5.0352,-12.3654,20.3271,0.8531,0.3223,-0.4103,0.9980,181,9.530121,0.3486,-0.5597
BiancaGolden_CircleTurns,-165.1774,-55.9637,198.3764,-5.0093,-12.3010,20.3430,0.8534,0.3227,-0.4093,0.9980,181,9.543342,0.3482,-0.5596
BiancaGolden_CircleTurns,-165.2037,-55.9479,198.3817,-4.9986,-12.2560,20.3717,0.8538,0.3230,-0.4082,0.9980,181,9.561088,0.3480,-0.5595
BiancaGolden_CircleTurns,-165.2404,-55.9422,198.3945,-4.9908,-12.1885,20.3818,0.8541,0.3232,-0.4074,0.9980,182,9.571552,0.3476,-0.5594
BiancaGolden_CircleTurns,-165.2696,-55.9351,198.4071,-4.9684,-12.1368,20.3862,0.8543,0.3237,-0.4067,0.9980,182,9.586240,0.3473,-0.5594
BiancaGolden_CircleTurns,-165.2992,-55.9287,198.4202,-4.9485,-12.0933,20.4164,0.8534,0.3293,-0.4040,0.9980,183,9.601596,0.3470,-0.5593
BiancaGolden_CircleTurns,-165.3269,-55.9182,198.4264,-4.8993,-12.0659,20.4325,0.8535,0.3298,-0.4034,0.9980,183,9.614779,0.3467,-0.5592
BiancaGolden_CircleTurns,-165.3563,-55.9134,198.4308,-4.8819,-12.0297,20.4691,0.8522,0.3300,-0.4061,0.9980,183,9.628695,0.3464,-0.5591
BiancaGolden_CircleTurns,-165.3785,-55.9135,198.4399,-4.8872,-11.9774,20.4908,0.8526,0.3303,-0.4049,0.9980,184,9.641653,0.3462,-0.5591
BiancaGolden_CircleTurns,-165.3966,-55.9118,198.4507,-4.8910,-11.9069,20.4951,0.8529,0.3308,-0.4038,0.9980,184,9.654870,0.3460,-0.5591
BiancaGolden_CircleTurns,-165.4137,-55.9150,198.4584,-4.8898,-11.8390,20.5171,0.8527,0.3218,-0.4115,0.9980,185,9.669496,0.3459,-0.5591
BiancaGolden_CircleTurns,-165.4331,-55.9236,198.4559,-4.8584,-11.8214,20.5046,0.8532,0.3210,-0.4112,0.9980,185,9.682854,0.3457,-0.5592
BiancaGolden_CircleTurns,-165.4511,-55.9281,198.4564,-4.8564,-11.7973,20.5114,0.8535,0.3221,-0.4096,0.9980,186,9.697042,0.3455,-0.5593
BiancaGolden_CircleTurns,-165.4623,-55.9365,198.4449,-4.8506,-11.8127,20.5146,0.8533,0.3216,-0.4105,0.9980,186,9.710364,0.3454,-0.5594
BiancaGolden_CircleTurns,-165.4745,-55.9446,198.4332,-4.8373,-11.8660,20.5460,0.8528,0.3220,-0.4112,0.9980,186,9.724676,0.3453,-0.5594
BiancaGolden_CircleTurns,-165.4804,-55.9560,198.4258,-4.8088,-11.9081,20.5848,0.8515,0.3212,-0.4144,0.9980,187,9.737967,0.3452,-0.5596
BiancaGolden_CircleTurns,-165.4814,-55.9672,198.4314,-4.8077,-11.9130,20.6193,0.8516,0.3216,-0.4140,0.9980,187,9.751121,0.3452,-0.5597
BiancaGolden_CircleTurns,-165.4761,-55.9816,198.4399,-4.8255,-11.8653,20.6316,0.8514,0.3226,-0.4135,0.9980,188,9.766027,0.3452,-0.5598
BiancaGolden_CircleTurns,-165.4692,-56.0010,198.4402,-4.7936,-11.8388,20.6693,0.8513,0.3234,-0.4132,0.9980,188,9.779338,0.3453,-0.5600
BiancaGolden_CircleTurns,-165.4525,-56.0387,198.4361,-4.7024,-11.8173,20.7403,0.8497,0.3238,-0.4162,0.9980,188,9.793501,0.3455,-0.5604
BiancaGolden_CircleTurns,-165.4367,-56.0841,198.4314,-4.6173,-11.8118,20.8071,0.8494,0.3242,-0.4164,0.9980,189,9.807008,0.3456,-0.5608
BiancaGolden_CircleTurns,-165.4022,-56.1797,198.3993,-4.5774,-11.8260,20.8467,0.8481,0.3252,-0.4183,0.9980,189,9.820050,0.3460,-0.5618
BiancaGolden_CircleTurns,-165.3864,-56.2611,198.3791,-4.6041,-11.9448,20.9267,0.8428,0.3270,-0.4275,0.9980,190,9.835138,0.3461,-0.5626
BiancaGolden_CircleTurns,-165.3720,-56.3633,198.3675,-4.6062,-12.0557,21.0034,0.8420,0.3273,-0.4288,0.9980,190,9.848748,0.3463,-0.5636
BiancaGolden_CircleTurns,-165.3592,-56.4649,198.3529,-4.6690,-12.1398,21.0265,0.8347,0.3293,-0.4414,0.9980,191,9.863175,0.3464,-0.5646
BiancaGolden_CircleTurns,-165.3507,-56.5854,198.3309,-4.8431,-12.2471,21.0016,0.8337,0.3294,-0.4432,0.9980,191,9.876256,0.3465,-0.5659
BiancaGolden_CircleTurns,-165.3408,-56.7127,198.3161,-5.0543,-12.3391,20.9812,0.8332,0.3291,-0.4444,0.9980,191,9.890916,0.3466,-0.5671
BiancaGolden_CircleTurns,-165.2792,-56.8464,198.3567,-5.1876,-12.4159,20.9313,0.8186,0.3225,-0.4753,0.9980,192,9.904300,0.3472,-0.5685
BiancaGolden_CircleTurns,-165.3219,-56.9839,198.2797,-5.5942,-12.3703,20.8444,0.8012,0.3036,-0.5157,0.9980,192,9.917544,0.3468,-0.5698
BiancaGolden_CircleTurns,-165.3511,-57.1384,198.2125,-6.3043,-12.6420,20.6961,0.7845,0.3009,-0.5422,0.9980,193,9.932436,0.3465,-0.5714
BiancaGolden_CircleTurns,-165.3163,-57.3501,198.2175,-6.3951,-12.7571,20.6798,0.7847,0.2999,-0.5425,0.9980,193,9.947037,0.3468,-0.5735
BiancaGolden_CircleTurns,-165.3334,-57.4700,198.2038,-6.7296,-12.7842,20.4758,0.7927,0.2761,-0.5435,0.9980,193,9.960545,0.3467,-0.5747
BiancaGolden_CircleTurns,-165.3229,-57.6464,198.1713,-7.2794,-12.8293,20.3688,0.7923,0.2770,-0.5437,0.9980,194,9.973740,0.3468,-0.5765
BiancaGolden_CircleTurns,-165.3055,-57.8126,198.1424,-7.6281,-12.8314,20.2961,0.7985,0.2784,-0.5338,0.9980,194,9.987185,0.3469,-0.5781
BiancaGolden_CircleTurns,-165.2638,-58.0033,198.1140,-7.8486,-12.7917,20.2398,0.8204,0.2917,-0.4918,0.9980,195,10.002181,0.3474,-0.5800
BiancaGolden_CircleTurns,-165.2469,-58.1664,198.0445,-8.3091,-12.8896,20.0644,0.8197,0.2899,-0.4940,0.9980,195,10.016919,0.3475,-0.5817
BiancaGolden_CircleTurns,-165.2310,-58.3409,197.9809,-8.7412,-13.0310,19.8261,0.8461,0.3072,-0.4356,0.9980,196,10.030054,0.3477,-0.5834
BiancaGolden_CircleTurns,-165.2141,-58.5091,197.8824,-9.3928,-13.3041,19.4897,0.8488,0.2969,-0.4375,0.9980,196,10.043545,0.3479,-0.5851
BiancaGolden_CircleTurns,-165.1819,-58.7037,197.7427,-10.0301,-13.7194,19.1167,0.8466,0.2906,-0.4459,0.9980,196,10.061595,0.3482,-0.5870
BiancaGolden_CircleTurns,-165.1467,-58.8907,197.5567,-10.3942,-14.2567,18.6941,0.8499,0.2730,-0.4507,0.9980,197,10.072206,0.3485,-0.5889
BiancaGolden_CircleTurns,-165.1334,-59.0550,197.3891,-10.6572,-14.7817,18.3499,0.8471,0.2625,-0.4620,0.9980,197,10.083907,0.3487,-0.5905
BiancaGolden_CircleTurns,-165.1593,-59.1772,197.2414,-10.9289,-15.4955,18.0551,0.8456,0.2564,-0.4682,0.9980,198,10.099138,0.3484,-0.5918
BiancaGolden_CircleTurns,-165.1673,-59.2885,197.1054,-11.1103,-16.1652,17.7279,0.8429,0.2589,-0.4717,0.9980,198,10.112574,0.3483,-0.5929
BiancaGolden_CircleTurns,-165.1544,-59.3942,196.9578,-11.0976,-16.7342,17.4232,0.8452,0.2556,-0.4694,0.9980,198,10.127991,0.3485,-0.5939
BiancaGolden_CircleTurns,-165.1292,-59.4829,196.8057,-11.0520,-17.2281,17.0100,0.8439,0.2475,-0.4760,0.9980,199,10.140306,0.3487,-0.5948
BiancaGolden_CircleTurns,-165.0782,-59.5398,196.6695,-11.0061,-17.6629,16.5381,0.8489,0.2383,-0.4719,0.9980,199,10.153453,0.3492,-0.5954
BiancaGolden_CircleTurns,-165.0568,-59.5351,196.5490,-10.9753,-18.0574,16.0205,0.8523,0.2369,-0.4663,0.9980,200,10.168301,0.3494,-0.5954
BiancaGolden_CircleTurns,-165.0661,-59.5133,196.4264,-10.9610,-18.5468,15.5781,0.8535,0.2385,-0.4633,0.9980,200,10.182233,0.3493,-0.5951
BiancaGolden_CircleTurns,-165.0747,-59.4461,196.3057,-11.1272,-19.0782,15.1589,0.8474,0.2710,-0.4566,0.9980,201,10.195896,0.3493,-0.5945
BiancaGolden_CircleTurns,-164.8776,-59.8416,196.0756,-11.4567,-18.9215,16.8972,0.8534,0.2444,-0.4604,0.9980,201,10.209233,0.3512,-0.5984
BiancaGolden_CircleTurns,-165.2744,-58.6168,196.1727,-11.5335,-19.9658,14.4420,0.8474,0.2487,-0.4692,0.9980,201,10.223600,0.3473,-0.5862
BiancaGolden_CircleTurns,-165.1661,-58.5387,195.9873,-11.0259,-20.5184,14.8805,0.8453,0.2699,-0.4611,0.9980,202,10.237473,0.3483,-0.5854
BiancaGolden_CircleTurns,-165.2991,-58.4707,195.9385,-10.7385,-20.7415,15.9526,0.8436,0.2648,-0.4672,0.9980,202,10.250470,0.3470,-0.5847
BiancaGolden_CircleTurns,-165.3093,-57.9210,195.9487,-10.9761,-21.1384,15.6334,0.8490,0.2882,-0.4429,0.9980,203,10.265669,0.3469,-0.5792
BiancaGolden_CircleTurns,-165.1262,-57.4849,196.1485,-10.5916,-20.7900,16.0268,0.8566,0.3038,-0.4170,0.9980,203,10.279122,0.3487,-0.5748
BiancaGolden_CircleTurns,-165.1851,-56.9220,196.1968,-11.1427,-19.7933,16.9133,0.8602,0.3066,-0.4075,0.9980,203,10.293991,0.3481,-0.5692
BiancaGolden_CircleTurns,-165.3450,-56.3284,196.0458,-11.0300,-19.2226,17.2528,0.8564,0.3139,-0.4100,0.9980,204,10.306826,0.3465,-0.5633
BiancaGolden_CircleTurns,-165.4848,-55.8095,195.9654,-11.0691,-19.3774,17.7587,0.8524,0.3192,-0.4142,0.9980,204,10.320048,0.3452,-0.5581
BiancaGolden_CircleTurns,-165.5700,-55.2843,195.8061,-11.1717,-19.5854,18.1943,0.8487,0.3101,-0.4285,0.9980,205,10.335434,0.3443,-0.5528
BiancaGolden_CircleTurns,-165.7006,-54.7359,195.7585,-11.0492,-20.3697,18.4917,0.8459,0.3102,-0.4339,0.9980,205,10.349092,0.3430,-0.5474
BiancaGolden_CircleTurns,-165.7271,-54.1057,195.7191,-10.7699,-20.8440,18.7213,0.8461,0.3058,-0.4366,0.9980,206,10.363394,0.3427,-0.5411
BiancaGolden_CircleTurns,-165.7331,-53.4812,195.7222,-10.3096,-20.9560,18.9562,0.8491,0.3001,-0.4347,0.9980,206,10.376874,0.3427,-0.5348
BiancaGolden_CircleTurns,-165.7471,-52.7433,195.6844,-10.0662,-20.8810,19.0838,0.8499,0.3003,-0.4331,0.9980,206,10.391853,0.3425,-0.5274
BiancaGolden_CircleTurns,-165.7861,-52.0398,195.6230,-9.7493,-20.7781,19.1067,0.8569,0.2964,-0.4217,0.9980,207,10.405100,0.3421,-0.5204
BiancaGolden_CircleTurns,-165.8556,-51.3101,195.5041,-9.5182,-20.6527,19.0315,0.8580,0.2935,-0.4216,0.9980,207,10.418154,0.3414,-0.5131
BiancaGolden_CircleTurns,-165.9277,-50.6179,195.4003,-9.2378,-20.6964,18.9710,0.8587,0.2872,-0.4246,0.9980,208,10.433488,0.3407,-0.5062
BiancaGolden_CircleTurns,-166.0282,-49.8520,195.2814,-8.8690,-20.7898,18.8606,0.8629,0.2712,-0.4265,0.9980,208,10.446585,0.3397,-0.4985
BiancaGolden_CircleTurns,-166.1338,-49.0220,195.2383,-8.6809,-20.9398,18.7021,0.8644,0.2617,-0.4294,0.9980,208,10.460933,0.3387,-0.4902
BiancaGolden_CircleTurns,-166.2470,-48.1891,195.1165,-8.5937,-20.9121,18.6707,0.8647,0.2624,-0.4284,0.9980,209,10.475149,0.3375,-0.4819
BiancaGolden_CircleTurns,-166.3349,-47.3789,195.0409,-8.4556,-20.8508,18.7235,0.8652,0.2620,-0.4275,0.9980,209,10.487764,0.3367,-0.4738
BiancaGolden_CircleTurns,-166.4284,-46.5620,194.9383,-8.2617,-20.7327,18.7050,0.8645,0.2548,-0.4332,0.9980,210,10.502701,0.3357,-0.4656
BiancaGolden_CircleTurns,-166.5247,-45.6699,194.9054,-8.0690,-20.6684,18.6192,0.8648,0.2536,-0.4335,0.9980,210,10.516296,0.3348,-0.4567
BiancaGolden_CircleTurns,-166.5763,-44.7712,194.9105,-7.9249,-20.6618,18.5955,0.8670,0.2476,-0.4325,0.9980,211,10.530682,0.3342,-0.4477
BiancaGolden_CircleTurns,-166.5119,-43.8382,195.1109,-8.1127,-20.5455,18.6639,0.8715,0.2380,-0.4289,0.9980,211,10.544189,0.3349,-0.4384
BiancaGolden_CircleTurns,-166.5224,-42.8478,195.2568,-8.4011,-20.3375,18.6820,0.8719,0.2439,-0.4247,0.9980,211,10.561394,0.3348,-0.4285
BiancaGolden_CircleTurns,-166.6352,-41.9054,195.2018,-8.6393,-20.0605,19.0055,0.8734,0.2482,-0.4190,0.9980,212,10.572122,0.3336,-0.4191
BiancaGolden_CircleTurns,-166.6859,-40.9586,195.2116,-8.6182,-19.7879,19.2495,0.8752,0.2542,-0.4116,0.9980,212,10.585509,0.3331,-0.4096
BiancaGolden_CircleTurns,-166.7308,-40.0131,195.2102,-8.4457,-19.2420,19.5752,0.8798,0.2511,-0.4037,0.9980,213,10.600324,0.3327,-0.4001
BiancaGolden_CircleTurns,-166.7700,-39.0942,195.3289,-8.4558,-18.8274,19.9968,0.8766,0.2589,-0.4057,0.9980,213,10.613780,0.3323,-0.3909
BiancaGolden_CircleTurns,-166.7891,-38.2542,195.3611,-8.5852,-18.4668,20.4391,0.8720,0.2600,-0.4147,0.9980,213,10.628014,0.3321,-0.3825
BiancaGolden_CircleTurns,-166.7704,-37.4078,195.4165,-8.6122,-18.0482,20.6675,0.8764,0.2623,-0.4038,0.9980,214,10.641859,0.3323,-0.3741
BiancaGolden_CircleTurns,-166.7448,-36.6021,195.5408,-8.8409,-17.3754,20.7661,0.7686,0.2682,-0.5807,0.9980,214,10.654890,0.3326,-0.3660
BiancaGolden_CircleTurns,-166.6056,-35.9350,195.6814,-8.9394,-16.7003,20.7781,0.7765,0.2920,-0.5583,0.9980,215,10.670693,0.3339,-0.3594
BiancaGolden_CircleTurns,-166.2887,-35.2558,195.9387,-8.4495,-15.0721,20.0956,0.7527,0.3307,-0.5692,0.9980,215,10.683662,0.3371,-0.3526
BiancaGolden_CircleTurns,-166.0920,-34.6009,196.4503,-8.4388,-14.7895,19.9562,0.7293,0.3518,-0.5869,0.9980,216,10.697990,0.3391,-0.3460
BiancaGolden_CircleTurns,-166.0093,-33.9463,196.3331,-8.7065,-12.2280,19.1338,0.7399,0.3527,-0.5728,0.9980,216,10.711476,0.3399,-0.3395
BiancaGolden_CircleTurns,-165.9462,-33.2847,196.5274,-8.8292,-11.2447,18.8901,0.7423,0.3588,-0.5659,0.9980,216,10.725677,0.3405,-0.3328
BiancaGolden_CircleTurns,-165.8730,-32.7965,196.8751,-9.0464,-10.8409,18.8241,0.7529,0.3606,-0.5506,0.9980,217,10.739266,0.3413,-0.3280
BiancaGolden_CircleTurns,-165.8653,-32.3390,197.0936,-8.8847,-10.1223,18.8499,0.8080,0.3581,-0.4679,0.9980,217,10.752820,0.3413,-0.3234
BiancaGolden_CircleTurns,-165.8318,-31.8475,197.3007,-8.8716,-9.6945,18.6169,0.8664,0.3489,-0.3572,0.9980,218,10.767278,0.3417,-0.3185
BiancaGolden_CircleTurns,-165.7026,-31.3272,197.6672,-8.6729,-9.8289,18.2856,0.8868,0.3402,-0.3128,0.9980,218,10.781462,0.3430,-0.3133
BiancaGolden_CircleTurns,-165.5527,-30.9222,197.9014,-8.1473,-9.4586,17.8627,0.8977,0.3271,-0.2953,0.9980,218,10.795308,0.3445,-0.3092
BiancaGolden_CircleTurns,-165.4014,-30.5681,198.2699,-7.7424,-9.3115,17.3317,0.9028,0.3156,-0.2922,0.9980,219,10.808791,0.3460,-0.3057
BiancaGolden_CircleTurns,-165.3654,-30.1841,198.4389,-7.7636,-8.6789,16.4969,0.9091,0.3054,-0.2832,0.9980,219,10.822025,0.3463,-0.3018
BiancaGolden_CircleTurns,-165.3027,-29.7402,198.6717,-8.1215,-8.2890,15.7266,0.9123,0.2956,-0.2833,0.9980,220,10.837118,0.3470,-0.2974
BiancaGolden_CircleTurns,-165.2473,-29.3439,198.8480,-8.6065,-7.7902,15.2636,0.9218,0.2739,-0.2744,0.9980,220,10.850895,0.3475,-0.2934
BiancaGolden_CircleTurns,-165.1410,-28.9561,199.0158,-8.6960,-7.1243,14.7600,0.9259,0.2693,-0.2650,0.9980,221,10.865429,0.3486,-0.2896
BiancaGolden_CircleTurns,-165.0893,-28.5820,199.2047,-8.7004,-6.5148,14.4251,0.9348,0.2465,-0.2557,0.9980,221,10.878591,0.3491,-0.2858
BiancaGolden_CircleTurns,-165.0372,-28.2673,199.3681,-8.6428,-5.7884,14.1464,0.9391,0.2409,-0.2449,0.9980,221,10.893162,0.3496,-0.2827
BiancaGolden_CircleTurns,-164.9110,-27.9913,199.5228,-8.3548,-5.1470,13.8085,0.9351,0.2686,-0.2311,0.9980,222,10.906528,0.3509,-0.2799
BiancaGolden_CircleTurns,-164.8212,-27.6675,199.7140,-8.1412,-4.6311,13.3938,0.9391,0.2667,-0.2165,0.9980,222,10.919642,0.3518,-0.2767
BiancaGolden_CircleTurns,-164.7161,-27.3810,199.9120,-8.0456,-3.9117,13.2670,0.9244,0.3289,-0.1934,0.9980,223,10.934583,0.3528,-0.2738
BiancaGolden_CircleTurns,-164.5810,-27.1004,200.1477,-8.0081,-3.3257,12.9783,0.9280,0.3263,-0.1799,0.9980,223,10.948406,0.3542,-0.2710
BiancaGolden_CircleTurns,-164.4498,-26.8750,200.3584,-8.3138,-2.5286,12.6842,0.9340,0.2972,-0.1980,0.9980,224,10.962790,0.3555,-0.2687
BiancaGolden_CircleTurns,-164.3028,-26.6606,200.6241,-8.6548,-1.7053,12.5111,0.9383,0.2956,-0.1794,0.9980,224,10.976432,0.3570,-0.2666
BiancaGolden_CircleTurns,-164.1612,-26.4881,200.8508,-9.5010,-0.6121,12.2389,0.9414,0.2947,-0.1638,0.9980,224,10.990802,0.3584,-0.2649
BiancaGolden_CircleTurns,-164.0299,-26.3588,201.0403,-10.1305,0.2590,12.0275,0.9307,0.3294,-0.1591,0.9980,225,11.004088,0.3597,-0.2636
BiancaGolden_CircleTurns,-163.8757,-26.2843,201.1836,-10.8275,0.9949,11.8123,0.9180,0.3626,-0.1607,0.9980,225,11.017477,0.3612,-0.2628
BiancaGolden_CircleTurns,-163.7053,-26.1214,201.2407,-11.2589,1.8001,11.5717,0.9309,0.3283,-0.1600,0.9980,226,11.032350,0.3629,-0.2612
BiancaGolden_CircleTurns,-163.4875,-25.7850,201.0087,-11.4306,2.2519,11.3679,0.9277,0.3358,-0.1634,0.9980,226,11.045938,0.3651,-0.2579
BiancaGolden_CircleTurns,-163.2915,-25.6747,201.1487,-11.6298,2.0275,11.7952,0.9372,0.3220,-0.1337,0.9980,227,11.064084,0.3671,-0.2567
BiancaGolden_CircleTurns,-163.3042,-25.4737,200.9146,-11.3581,1.9185,12.2546,0.9475,0.3010,-0.1084,0.9980,227,11.073983,0.3670,-0.2547
BiancaGolden_CircleTurns,-163.1306,-25.2487,200.5958,-10.7509,0.8703,12.4620,0.9474,0.3045,-0.0981,0.9980,227,11.087690,0.3687,-0.2525
BiancaGolden_CircleTurns,-162.9571,-25.1272,200.3593,-10.4241,-0.0698,12.9841,0.9521,0.2826,-0.1164,0.9980,228,11.101089,0.3704,-0.2513
BiancaGolden_CircleTurns,-162.8077,-24.9297,200.1544,-10.3122,-1.0424,13.1648,0.9512,0.2839,-0.1206,0.9980,228,11.113870,0.3719,-0.2493
BiancaGolden_CircleTurns,-162.6432,-24.8185,199.8632,-10.1451,-2.1694,13.4260,0.9454,0.2938,-0.1413,0.9980,229,11.128983,0.3736,-0.2482
BiancaGolden_CircleTurns,-162.4949,-24.6728,199.5105,-9.9550,-3.3730,13.4156,0.9421,0.2931,-0.1627,0.9980,229,11.142690,0.3751,-0.2467
BiancaGolden_CircleTurns,-162.3216,-24.5825,199.2606,-9.6899,-4.7070,13.4172,0.9192,0.3463,-0.1875,0.9980,229,11.157049,0.3768,-0.2458
BiancaGolden_CircleTurns,-162.1131,-24.5164,199.0909,-9.9046,-5.5218,13.5510,0.9183,0.3420,-0.1991,0.9980,230,11.171464,0.3789,-0.2452
BiancaGolden_CircleTurns,-161.9459,-24.4491,198.7476,-9.9517,-5.9915,13.2739,0.9165,0.3058,-0.2581,0.9980,230,11.185177,0.3805,-0.2445
BiancaGolden_CircleTurns,-161.7251,-24.4354,198.5070,-9.8188,-6.8087,13.1733,0.9162,0.2684,-0.2976,0.9980,231,11.198607,0.3827,-0.2444
BiancaGolden_CircleTurns,-161.5942,-24.4291,198.4344,-9.7402,-7.5180,13.2680,0.9022,0.2727,-0.3341,0.9980,231,11.212860,0.3841,-0.2443
BiancaGolden_CircleTurns,-161.3439,-24.3794,198.6266,-9.6796,-7.7667,13.3328,0.9044,0.2750,-0.3262,0.9980,231,11.226536,0.3866,-0.2438
BiancaGolden_CircleTurns,-160.9967,-24.3665,198.8762,-10.0304,-7.4321,13.3130,0.9057,0.2802,-0.3180,0.9980,232,11.240491,0.3900,-0.2437
BiancaGolden_CircleTurns,-160.7185,-24.3939,199.1119,-10.6775,-6.7664,13.4829,0.9162,0.2556,-0.3087,0.9980,232,11.253358,0.3928,-0.2439
BiancaGolden_CircleTurns,-160.4973,-24.4237,199.1916,-11.1241,-6.2664,13.6796,0.8949,0.3643,-0.2577,0.9980,233,11.268346,0.3950,-0.2442
BiancaGolden_CircleTurns,-160.2813,-24.5746,199.2513,-11.8177,-5.1128,13.9574,0.9090,0.3693,-0.1931,0.9980,233,11.282089,0.3972,-0.2457
BiancaGolden_CircleTurns,-159.9026,-24.6672,199.2390,-11.9335,-3.9446,14.6291,0.8898,0.4295,-0.1544,0.9980,234,11.296288,0.4010,-0.2467
BiancaGolden_CircleTurns,-159.6770,-24.7578,199.3444,-12.1021,-3.3539,15.0626,0.8889,0.4348,-0.1439,0.9980,234,11.309848,0.4032,-0.2476
BiancaGolden_CircleTurns,-159.3966,-24.8479,199.4748,-12.3297,-2.7797,15.3532,0.8874,0.4478,-0.1091,0.9980,234,11.324477,0.4060,-0.2485
BiancaGolden_CircleTurns,-159.1090,-24.9070,199.5915,-12.8346,-2.3369,15.5255,0.8907,0.4405,-0.1119,0.9980,235,11.337420,0.4089,-0.2491
BiancaGolden_CircleTurns,-158.8349,-24.9568,199.6947,-13.5226,-2.0224,15.6850,0.8858,0.4529,-0.1018,0.9980,235,11.351449,0.4117,-0.2496
BiancaGolden_CircleTurns,-158.5543,-25.0200,199.7607,-14.1124,-1.7181,15.7254,0.8831,0.4382,-0.1677,0.9980,236,11.365582,0.4145,-0.2502
BiancaGolden_CircleTurns,-158.2772,-25.0928,199.7457,-14.4837,-1.5160,15.7512,0.8804,0.4454,-0.1628,0.9980,236,11.379124,0.4172,-0.2509
BiancaGolden_CircleTurns,-157.9740,-25.1305,199.7423,-14.7400,-1.3741,15.7227,0.8803,0.4464,-0.1603,0.9980,236,11.394140,0.4203,-0.2513
BiancaGolden_CircleTurns,-157.6648,-25.1692,199.7440,-14.8892,-1.2929,15.7456,0.8809,0.4469,-0.1560,0.9980,237,11.406686,0.4234,-0.2517
BiancaGolden_CircleTurns,-157.3499,-25.1840,199.7536,-15.0196,-1.2608,15.7936,0.8716,0.4699,-0.1397,0.9980,237,11.420262,0.4265,-0.2518
BiancaGolden_CircleTurns,-157.0387,-25.2064,199.7077,-15.0360,-1.2682,15.9872,0.8733,0.4713,-0.1232,0.9980,238,11.435063,0.4296,-0.2521
BiancaGolden_CircleTurns,-156.7229,-25.2255,199.6193,-15.0996,-1.2533,16.1049,0.8788,0.4660,-0.1030,0.9980,238,11.448387,0.4328,-0.2523
BiancaGolden_CircleTurns,-156.3946,-25.1633,199.5421,-15.3507,-1.2454,16.1680,0.8890,0.4464,-0.1022,0.9980,239,11.463426,0.4361,-0.2516
BiancaGolden_CircleTurns,-156.0855,-24.8450,199.6355,-17.0045,-0.9898,16.6257,0.8831,0.4596,-0.0946,0.9980,239,11.476044,0.4391,-0.2485
BiancaGolden_CircleTurns,-155.6013,-24.8605,199.7257,-18.6388,-0.8403,17.3292,0.8818,0.4623,-0.0936,0.9980,239,11.491533,0.4440,-0.2486
BiancaGolden_CircleTurns,-155.2434,-24.8786,199.6658,-19.1250,-0.8356,17.6018,0.8781,0.4728,-0.0737,0.9980,240,11.504951,0.4476,-0.2488
BiancaGolden_CircleTurns,-154.8632,-24.8593,199.5984,-19.3254,-0.6237,18.3857,0.8497,0.5247,-0.0529,0.9980,240,11.516591,0.4514,-0.2486
BiancaGolden_CircleTurns,-154.5214,-24.7505,199.5610,-19.7281,-0.6362,18.6017,0.8428,0.5338,-0.0685,0.9980,241,11.532003,0.4548,-0.2475
BiancaGolden_CircleTurns,-154.1612,-24.7541,199.4835,-19.8959,-0.5591,18.8756,0.8533,0.5048,-0.1304,0.9980,241,11.545820,0.4584,-0.2475
BiancaGolden_CircleTurns,-153.8208,-24.7520,199.4261,-19.9270,-0.6599,18.8572,0.8537,0.5041,-0.1303,0.9980,242,11.563489,0.4618,-0.2475
BiancaGolden_CircleTurns,-153.4454,-24.7828,199.3727,-19.9847,-0.6553,18.8641,0.8719,0.4397,-0.2155,0.9980,242,11.573500,0.4655,-0.2478
BiancaGolden_CircleTurns,-153.0555,-24.7492,199.3679,-19.9592,-0.6241,18.7028,0.8854,0.3985,-0.2393,0.9980,242,11.586747,0.4694,-0.2475
BiancaGolden_CircleTurns,-152.7011,-24.6859,199.3469,-19.9479,-0.6715,18.6035,0.8691,0.4063,-0.2821,0.9980,243,11.600549,0.4730,-0.2469
BiancaGolden_CircleTurns,-152.3706,-24.6024,199.2874,-19.9153,-0.7597,18.4698,0.8698,0.4048,-0.2823,0.9980,243,11.613273,0.4763,-0.2460
BiancaGolden_CircleTurns,-151.9818,-24.5057,199.2345,-19.5190,-0.7780,18.3309,0.8693,0.4316,-0.2411,0.9980,243,11.628665,0.4802,-0.2451
BiancaGolden_CircleTurns,-151.5506,-24.3691,199.2304,-19.2230,-0.6771,18.0909,0.8725,0.4263,-0.2390,0.9980,244,11.641940,0.4845,-0.2437
BiancaGolden_CircleTurns,-151.0618,-24.1793,199.2907,-19.1665,-0.5390,17.7027,0.8776,0.4197,-0.2317,0.9980,244,11.655666,0.4894,-0.2418
BiancaGolden_CircleTurns,-150.5812,-23.9279,199.3606,-19.3072,-0.3954,17.2694,0.8850,0.3955,-0.2456,0.9980,245,11.670524,0.4942,-0.2393
BiancaGolden_CircleTurns,-150.0919,-23.6544,199.3962,-19.2214,-0.4399,16.9824,0.8846,0.3927,-0.2516,0.9980,245,11.684107,0.4991,-0.2365
BiancaGolden_CircleTurns,-149.5803,-23.3688,199.4121,-18.8945,-0.4652,16.8506,0.8864,0.3859,-0.2555,0.9980,246,11.699048,0.5042,-0.2337
BiancaGolden_CircleTurns,-149.0184,-23.0191,199.4317,-18.5526,-0.5888,16.8210,0.8859,0.3853,-0.2582,0.9980,246,11.711821,0.5098,-0.2302
BiancaGolden_CircleTurns,-148.4404,-22.6109,199.4901,-18.5107,-0.7451,16.8052,0.8853,0.3855,-0.2602,0.9980,246,11.726626,0.5156,-0.2261
BiancaGolden_CircleTurns,-147.8768,-22.1620,199.5132,-18.5732,-0.8689,16.8103,0.8728,0.3909,-0.2922,0.9980,247,11.739437,0.5212,-0.2216
BiancaGolden_CircleTurns,-147.3304,-21.7114,199.4565,-18.5110,-1.0435,16.7716,0.8735,0.3756,-0.3097,0.9980,247,11.752447,0.5267,-0.2171
BiancaGolden_CircleTurns,-146.7369,-21.2413,199.3515,-18.1523,-1.2681,16.7466,0.8659,0.3754,-0.3307,0.9980,248,11.768203,0.5326,-0.2124
BiancaGolden_CircleTurns,-146.1239,-20.7484,199.2879,-17.7283,-1.4569,16.6602,0.8648,0.3721,-0.3371,0.9980,248,11.780790,0.5388,-0.2075
BiancaGolden_CircleTurns,-145.4932,-20.2188,199.2111,-17.3768,-1.5825,16.5313,0.8645,0.3668,-0.3436,0.9980,248,11.795375,0.5451,-0.2022
BiancaGolden_CircleTurns,-144.8682,-19.6368,199.0766,-17.0923,-1.7098,16.2913,0.8655,0.3617,-0.3465,0.9980,249,11.808757,0.5513,-0.1964
BiancaGolden_CircleTurns,-144.2532,-19.0526,198.8623,-16.7801,-1.8489,16.0745,0.8678,0.3488,-0.3539,0.9980,249,11.821982,0.5575,-0.1905
BiancaGolden_CircleTurns,-143.6392,-18.4541,198.6505,-16.4224,-2.0230,15.7823,0.8686,0.3475,-0.3531,0.9980,250,11.837246,0.5636,-0.1845
BiancaGolden_CircleTurns,-143.0097,-17.8271,198.4546,-16.0418,-2.1723,15.4365,0.8736,0.3412,-0.3469,0.9980,250,11.850260,0.5699,-0.1783
BiancaGolden_CircleTurns,-142.3763,-17.1672,198.2142,-15.5387,-2.3035,15.0825,0.8761,0.3370,-0.3447,0.9980,251,11.864508,0.5762,-0.1717
BiancaGolden_CircleTurns,-141.7678,-16.5207,197.9642,-15.1295,-2.5041,14.8038,0.8819,0.3318,-0.3349,0.9980,251,11.878839,0.5823,-0.1652
BiancaGolden_CircleTurns,-141.1730,-15.8410,197.6475,-14.7130,-2.7528,14.5274,0.8818,0.3261,-0.3408,0.9980,251,11.892642,0.5883,-0.1584
BiancaGolden_CircleTurns,-140.5693,-15.1031,197.3154,-14.3796,-3.0847,14.2448,0.8826,0.3165,-0.3478,0.9980,252,11.906449,0.5943,-0.1510
BiancaGolden_CircleTurns,-139.9225,-14.3439,197.0561,-14.2757,-3.4482,13.8899,0.8754,0.3132,-0.3683,0.9980,252,11.918631,0.6008,-0.1434
BiancaGolden_CircleTurns,-139.3426,-13.6006,196.7919,-14.2008,-3.9618,13.6303,0.8748,0.2923,-0.3863,0.9980,253,11.933624,0.6066,-0.1360
BiancaGolden_CircleTurns,-138.7856,-12.8556,196.4512,-13.9498,-4.5967,13.3531,0.8741,0.2851,-0.3934,0.9980,253,11.947660,0.6121,-0.1286
BiancaGolden_CircleTurns,-138.1222,-12.0991,196.2279,-13.7689,-5.2400,13.0412,0.8768,0.2780,-0.3923,0.9980,253,11.961482,0.6188,-0.1210
BiancaGolden_CircleTurns,-137.2326,-11.3067,196.2646,-13.9999,-5.5624,12.5685,0.8747,0.2709,-0.4019,0.9980,254,11.976085,0.6277,-0.1131
BiancaGolden_CircleTurns,-136.3691,-10.5230,196.4113,-14.6068,-6.2328,11.9809,0.8795,0.2472,-0.4066,0.9980,254,11.989393,0.6363,-0.1052
BiancaGolden_CircleTurns,-135.6858,-9.7861,196.2615,-15.1154,-6.5392,11.3606,0.8835,0.2210,-0.4130,0.9980,255,12.003736,0.6431,-0.0979
BiancaGolden_CircleTurns,-135.1878,-9.1165,196.0163,-14.8746,-7.3157,10.9326,0.8851,0.1813,-0.4286,0.9980,255,12.018031,0.6481,-0.0912
BiancaGolden_CircleTurns,-134.5012,-8.4458,195.8717,-14.5558,-7.8292,10.4586,0.9055,0.1630,-0.3918,0.9980,256,12.031739,0.6550,-0.0845
BiancaGolden_CircleTurns,-133.7029,-7.7387,195.7969,-14.2861,-8.0176,9.8642,0.9218,0.1624,-0.3519,0.9980,256,12.044894,0.6630,-0.0774
BiancaGolden_CircleTurns,-133.0517,-7.0728,195.6116,-14.1247,-8.2541,9.2798,0.9346,0.1558,-0.3198,0.9980,257,12.062824,0.6695,-0.0707
BiancaGolden_CircleTurns,-132.4897,-6.4246,195.3609,-13.9480,-8.5797,8.6899,0.9342,0.1465,-0.3253,0.9980,257,12.073064,0.6751,-0.0642
BiancaGolden_CircleTurns,-131.8885,-5.8320,195.1173,-13.5450,-8.9095,8.2154,0.9340,0.1376,-0.3297,0.9980,257,12.086932,0.6811,-0.0583
BiancaGolden_CircleTurns,-131.2276,-5.2640,194.9023,-13.0327,-9.1732,7.7734,0.9327,0.1518,-0.3271,0.9980,258,12.099900,0.6877,-0.0526
BiancaGolden_CircleTurns,-130.5980,-4.7461,194.6600,-12.6919,-9.5227,7.3894,0.9247,0.1819,-0.3345,0.9980,258,12.112701,0.6940,-0.0475
BiancaGolden_CircleTurns,-129.9872,-4.2497,194.4024,-12.3452,-9.9898,6.9826,0.9233,0.1745,-0.3422,0.9980,258,12.127423,0.7001,-0.0425
BiancaGolden_CircleTurns,-129.3851,-3.8012,194.1268,-12.0290,-10.4342,6.6043,0.9215,0.1671,-0.3505,0.9980,259,12.140890,0.7061,-0.0380
BiancaGolden_CircleTurns,-128.7931,-3.3806,193.8359,-11.6768,-10.9067,6.1998,0.9179,0.1653,-0.3607,0.9980,259,12.154309,0.7121,-0.0338
BiancaGolden_CircleTurns,-128.2093,-2.9949,193.5496,-11.4767,-11.3604,5.8363,0.9145,0.1725,-0.3659,0.9980,260,12.169550,0.7179,-0.0299
BiancaGolden_CircleTurns,-127.6559,-2.6528,193.2942,-11.2922,-11.8755,5.3568,0.9150,0.1740,-0.3639,0.9980,260,12.183193,0.7234,-0.0265
BiancaGolden_CircleTurns,-127.1627,-2.3638,192.9487,-11.1344,-12.3215,5.0436,0.9208,0.1524,-0.3590,0.9980,261,12.197731,0.7284,-0.0236
BiancaGolden_CircleTurns,-126.7373,-2.0556,192.5806,-11.0921,-13.0521,4.4551,0.9176,0.1494,-0.3683,0.9980,261,12.211300,0.7326,-0.0206
BiancaGolden_CircleTurns,-126.2499,-1.8252,192.2546,-10.6674,-13.6115,4.2563,0.9150,0.1447,-0.3766,0.9980,261,12.225977,0.7375,-0.0183
BiancaGolden_CircleTurns,-125.7869,-1.5529,191.9228,-10.4475,-14.1042,4.0093,0.9114,0.1427,-0.3859,0.9980,262,12.239063,0.7421,-0.0155
BiancaGolden_CircleTurns,-125.3444,-1.3107,191.5996,-10.4184,-14.6884,3.8807,0.9060,0.1251,-0.4044,0.9980,262,12.252154,0.7466,-0.0131
BiancaGolden_CircleTurns,-124.9408,-1.1371,191.2699,-10.1020,-15.1927,3.8280,0.8988,0.1165,-0.4227,0.9980,263,12.267380,0.7506,-0.0114
BiancaGolden_CircleTurns,-124.5562,-1.0203,190.9413,-9.7010,-15.7429,3.8219,0.8916,0.1155,-0.4378,0.9980,263,12.280858,0.7544,-0.0102
BiancaGolden_CircleTurns,-124.2226,-0.8923,190.6371,-9.3805,-16.4779,3.8078,0.8802,0.1162,-0.4602,0.9980,263,12.295411,0.7578,-0.0089
BiancaGolden_CircleTurns,-123.9194,-0.7597,190.2963,-9.2152,-17.1846,3.8005,0.8741,0.1160,-0.4718,0.9980,264,12.308697,0.7608,-0.0076
BiancaGolden_CircleTurns,-123.6418,-0.6594,189.9810,-9.2204,-17.9335,3.8100,0.8664,0.1104,-0.4870,0.9980,264,12.322069,0.7636,-0.0066
BiancaGolden_CircleTurns,-123.4330,-0.6087,189.6443,-9.3548,-18.6335,3.7556,0.8604,0.1081,-0.4981,0.9980,265,12.337820,0.7657,-0.0061
BiancaGolden_CircleTurns,-123.2487,-0.5688,189.3263,-9.5457,-19.3506,3.6028,0.8544,0.1106,-0.5077,0.9980,265,12.351286,0.7675,-0.0057
BiancaGolden_CircleTurns,-123.0621,-0.5589,189.0523,-9.7847,-20.1158,3.4255,0.8518,0.1060,-0.5130,0.9980,266,12.365506,0.7694,-0.0056
BiancaGolden_CircleTurns,-122.8953,-0.5424,188.7849,-9.8769,-20.7108,3.1526,0.8476,0.0725,-0.5257,0.9980,266,12.378803,0.7710,-0.0054
BiancaGolden_CircleTurns,-122.7620,-0.5558,188.5306,-9.9116,-21.2589,2.9172,0.8436,0.0674,-0.5328,0.9980,266,12.393229,0.7724,-0.0056
BiancaGolden_CircleTurns,-122.6045,-0.5729,188.3315,-9.8968,-21.7344,2.5894,0.8402,0.0583,-0.5391,0.9980,267,12.406557,0.7740,-0.0057
BiancaGolden_CircleTurns,-122.4274,-0.6304,188.1907,-9.8358,-22.1400,2.1881,0.8430,0.0488,-0.5356,0.9980,267,12.419662,0.7757,-0.0063
BiancaGolden_CircleTurns,-122.2697,-0.6860,188.0265,-9.5958,-22.3691,1.6813,0.8416,0.0429,-0.5384,0.9980,268,12.434973,0.7773,-0.0069
BiancaGolden_CircleTurns,-122.1615,-0.7859,187.8647,-9.1959,-22.5164,1.3576,0.8436,0.0358,-0.5358,0.9980,268,12.448785,0.7784,-0.0079
BiancaGolden_CircleTurns,-122.0917,-0.8588,187.7091,-8.6232,-22.6125,0.9948,0.8606,0.0318,-0.5083,0.9980,269,12.463063,0.7791,-0.0086
BiancaGolden_CircleTurns,-122.0113,-0.9289,187.5643,-8.1306,-22.5048,0.7134,0.8612,0.0273,-0.5076,0.9980,269,12.476364,0.7799,-0.0093
BiancaGolden_CircleTurns,-121.9666,-0.9970,187.4420,-7.8575,-22.4506,0.4550,0.8609,0.0277,-0.5080,0.9980,269,12.490762,0.7803,-0.0100
BiancaGolden_CircleTurns,-121.9357,-1.0821,187.3404,-7.7071,-22.5319,0.1362,0.8645,0.0231,-0.5020,0.9980,270,12.504066,0.7806,-0.0108
BiancaGolden_CircleTurns,-121.9701,-1.1975,187.2483,-7.6189,-22.6450,-0.0813,0.8653,0.0135,-0.5011,0.9980,270,12.517303,0.7803,-0.0120
BiancaGolden_CircleTurns,-121.9974,-1.2751,187.1399,-7.4909,-22.7306,-0.2528,0.8669,0.0123,-0.4984,0.9980,271,12.532773,0.7800,-0.0128
BiancaGolden_CircleTurns,-122.0771,-1.3673,187.0435,-7.3253,-22.8035,-0.2903,0.8672,0.0154,-0.4977,0.9980,271,12.546233,0.7792,-0.0137
BiancaGolden_CircleTurns,-122.1395,-1.4674,186.9509,-7.2488,-22.7623,-0.2304,0.8678,0.0147,-0.4967,0.9980,272,12.564278,0.7786,-0.0147
BiancaGolden_CircleTurns,-122.2281,-1.5940,186.8588,-7.2807,-22.7025,-0.2773,0.8645,0.0183,-0.5023,0.9980,272,12.574692,0.7777,-0.0159
BiancaGolden_CircleTurns,-122.3604,-1.7389,186.7875,-7.4342,-22.7433,-0.4011,0.8630,0.0162,-0.5049,0.9980,272,12.587697,0.7764,-0.0174
BiancaGolden_CircleTurns,-122.5257,-1.8810,186.7459,-7.6126,-22.9172,-0.5724,0.8605,0.0140,-0.5093,0.9980,273,12.601678,0.7747,-0.0188
BiancaGolden_CircleTurns,-122.7022,-2.0227,186.7293,-7.8297,-23.2150,-0.7506,0.8583,0.0085,-0.5130,0.9980,273,12.614072,0.7730,-0.0202
BiancaGolden_CircleTurns,-122.8813,-2.1477,186.7342,-7.8802,-23.3978,-0.9169,0.8575,0.0084,-0.5144,0.9980,273,12.628602,0.7712,-0.0215
BiancaGolden_CircleTurns,-123.1310,-2.2747,186.7430,-7.9347,-23.5058,-1.0135,0.8571,0.0074,-0.5151,0.9980,274,12.642034,0.7687,-0.0227
BiancaGolden_CircleTurns,-123.4035,-2.3914,186.7618,-8.0358,-23.5531,-1.0988,0.8570,0.0060,-0.5152,0.9980,274,12.655392,0.7660,-0.0239
BiancaGolden_CircleTurns,-123.6778,-2.5114,186.7994,-8.0772,-23.5909,-1.1901,0.8584,0.0153,-0.5128,0.9980,275,12.670759,0.7632,-0.0251
BiancaGolden_CircleTurns,-123.9572,-2.6369,186.8638,-8.0351,-23.5209,-1.2846,0.8593,0.0139,-0.5113,0.9980,275,12.684476,0.7604,-0.0264
BiancaGolden_CircleTurns,-124.2754,-2.7771,186.9783,-8.0226,-23.4273,-1.4085,0.8594,0.0119,-0.5111,0.9980,276,12.698894,0.7572,-0.0278
BiancaGolden_CircleTurns,-124.6872,-2.9033,187.0871,-7.8949,-23.3881,-1.4875,0.8600,0.0112,-0.5102,0.9980,276,12.713304,0.7531,-0.0290
BiancaGolden_CircleTurns,-125.0679,-2.9984,187.1920,-7.8637,-23.3824,-1.5592,0.8616,0.0110,-0.5075,0.9980,276,12.727114,0.7493,-0.0300
BiancaGolden_CircleTurns,-125.4355,-3.1493,187.3475,-7.7228,-23.1971,-1.5452,0.8637,0.0099,-0.5039,0.9980,277,12.741251,0.7456,-0.0315
BiancaGolden_CircleTurns,-125.8709,-3.2431,187.4820,-7.7029,-22.9169,-1.6262,0.8649,0.0101,-0.5018,0.9980,277,12.753885,0.7413,-0.0324
BiancaGolden_CircleTurns,-126.3231,-3.3515,187.6002,-7.8460,-22.7887,-1.7176,0.8667,0.0083,-0.4988,0.9980,278,12.768979,0.7368,-0.0335
BiancaGolden_CircleTurns,-126.7488,-3.4836,187.7101,-7.9144,-22.5955,-1.8441,0.8701,0.0092,-0.4928,0.9980,278,12.782980,0.7325,-0.0348
BiancaGolden_CircleTurns,-127.1724,-3.5927,187.8326,-7.9096,-22.3715,-2.0240,0.8730,0.0007,-0.4876,0.9980,279,12.797796,0.7283,-0.0359
BiancaGolden_CircleTurns,-127.5726,-3.6793,187.9705,-7.9302,-22.2097,-2.2274,0.8749,-0.0017,-0.4842,0.9980,279,12.811020,0.7243,-0.0368
BiancaGolden_CircleTurns,-127.9557,-3.7281,188.0835,-7.9481,-21.9868,-2.3826,0.8762,-0.0065,-0.4819,0.9980,279,12.824458,0.7204,-0.0373
BiancaGolden_CircleTurns,-128.3385,-3.7689,188.1805,-7.9571,-21.8151,-2.4670,0.8786,-0.0070,-0.4775,0.9980,280,12.838741,0.7166,-0.0377
BiancaGolden_CircleTurns,-128.7080,-3.7626,188.2238,-7.9576,-21.6525,-2.4964,0.8844,-0.0066,-0.4667,0.9980,280,12.851793,0.7129,-0.0376
BiancaGolden_CircleTurns,-129.0466,-3.7412,188.2256,-7.9842,-21.5609,-2.4752,0.8807,0.0003,-0.4738,0.9980,281,12.867663,0.7095,-0.0374
BiancaGolden_CircleTurns,-129.3409,-3.7157,188.2043,-7.9734,-21.4833,-2.4387,0.8792,0.0006,-0.4764,0.9980,281,12.880102,0.7066,-0.0372
BiancaGolden_CircleTurns,-129.5749,-3.6807,188.1891,-7.9600,-21.3948,-2.4621,0.8792,-0.0000,-0.4765,0.9980,282,12.895683,0.7043,-0.0368
BiancaGolden_CircleTurns,-129.7758,-3.6318,188.1573,-7.9601,-21.4029,-2.5021,0.8776,-0.0097,-0.4793,0.9980,282,12.908214,0.7022,-0.0363
BiancaGolden_CircleTurns,-129.9326,-3.5722,188.1289,-7.9249,-21.5020,-2.5448,0.8777,-0.0108,-0.4790,0.9980,282,12.921852,0.7007,-0.0357
BiancaGolden_CircleTurns,-130.0201,-3.5177,188.1167,-7.8480,-21.5765,-2.5891,0.8789,0.0026,-0.4769,0.9980,283,12.936167,0.6998,-0.0352
BiancaGolden_CircleTurns,-130.0295,-3.4539,188.1415,-7.7914,-21.5556,-2.5730,0.8790,0.0052,-0.4768,0.9980,283,12.948525,0.6997,-0.0345
BiancaGolden_CircleTurns,-130.0070,-3.3757,188.1793,-7.8096,-21.5387,-2.5863,0.8791,0.0054,-0.4767,0.9980,284,12.963814,0.6999,-0.0338
BiancaGolden_CircleTurns,-129.9308,-3.3094,188.2098,-7.8536,-21.5337,-2.5783,0.8790,0.0054,-0.4767,0.9980,284,12.977275,0.7007,-0.0331
BiancaGolden_CircleTurns,-129.7789,-3.2480,188.2466,-7.7841,-21.5330,-2.5708,0.8804,0.0098,-0.4742,0.9980,284,12.992279,0.7022,-0.0325
BiancaGolden_CircleTurns,-129.6406,-3.1764,188.2147,-7.7124,-21.4618,-2.5732,0.8798,0.0005,-0.4754,0.9980,285,13.005609,0.7036,-0.0318
BiancaGolden_CircleTurns,-129.4727,-3.0729,188.1444,-7.7808,-21.4646,-2.6469,0.8821,0.0031,-0.4710,0.9980,285,13.018984,0.7053,-0.0307
BiancaGolden_CircleTurns,-129.2782,-2.9703,188.0380,-7.8690,-21.3840,-2.8474,0.8794,-0.0100,-0.4760,0.9980,286,13.034228,0.7072,-0.0297
BiancaGolden_CircleTurns,-129.1013,-2.8695,187.9256,-7.9552,-21.4595,-3.0068,0.8785,-0.0045,-0.4777,0.9980,286,13.047831,0.7090,-0.0287
BiancaGolden_CircleTurns,-128.7813,-2.7787,187.8830,-7.9858,-21.7201,-3.1891,0.8775,-0.0072,-0.4795,0.9980,287,13.065623,0.7122,-0.0278
BiancaGolden_CircleTurns,-128.5213,-2.6746,187.7999,-7.9824,-21.8378,-3.3722,0.8733,-0.0157,-0.4869,0.9980,287,13.076050,0.7148,-0.0267
BiancaGolden_CircleTurns,-128.2267,-2.5458,187.7249,-8.0244,-22.1626,-3.5456,0.8719,-0.0114,-0.4896,0.9980,287,13.088943,0.7177,-0.0255
BiancaGolden_CircleTurns,-127.8966,-2.4298,187.5945,-7.9415,-22.4147,-3.6733,0.8679,-0.0185,-0.4965,0.9980,288,13.103106,0.7210,-0.0243
BiancaGolden_CircleTurns,-127.5762,-2.3145,187.4790,-7.7470,-22.6332,-3.7339,0.8657,-0.0227,-0.5001,0.9980,288,13.115239,0.7242,-0.0231
BiancaGolden_CircleTurns,-127.2568,-2.1913,187.3589,-7.5853,-22.8474,-3.8438,0.8641,-0.0271,-0.5026,0.9980,289,13.130791,0.7274,-0.0219
BiancaGolden_CircleTurns,-126.9510,-2.1035,187.2078,-7.3239,-23.0060,-3.9072,0.8639,-0.0295,-0.5027,0.9980,289,13.144516,0.7305,-0.0210
BiancaGolden_CircleTurns,-126.6965,-1.9832,186.9708,-7.0349,-23.0081,-4.0267,0.8624,-0.0319,-0.5052,0.9980,289,13.159304,0.7330,-0.0198
BiancaGolden_CircleTurns,-126.4600,-1.8403,186.7393,-6.9483,-23.2081,-4.1712,0.8601,-0.0382,-0.5087,0.9980,290,13.172388,0.7354,-0.0184
BiancaGolden_CircleTurns,-126.1798,-1.7313,186.5533,-6.8955,-23.4413,-4.2377,0.8596,-0.0410,-0.5093,0.9980,290,13.185347,0.7382,-0.0173
BiancaGolden_CircleTurns,-125.9188,-1.6324,186.4055,-6.7604,-23.7589,-4.3034,0.8528,-0.0449,-0.5203,0.9980,291,13.201104,0.7408,-0.0163
BiancaGolden_CircleTurns,-125.7421,-1.5221,186.2056,-6.6960,-24.1757,-4.3548,0.8479,-0.0456,-0.5281,0.9980,291,13.214487,0.7426,-0.0152
BiancaGolden_CircleTurns,-125.5414,-1.3892,186.0334,-6.7064,-24.6733,-4.4606,0.8422,-0.0456,-0.5373,0.9980,291,13.228726,0.7446,-0.0139
BiancaGolden_CircleTurns,-125.3446,-1.2881,185.9082,-6.6270,-25.1428,-4.4698,0.8376,-0.0382,-0.5449,0.9980,292,13.242446,0.7466,-0.0129
BiancaGolden_CircleTurns,-125.1809,-1.1730,185.8206,-6.5778,-25.6311,-4.5069,0.8321,-0.0364,-0.5534,0.9980,292,13.255738,0.7482,-0.0117
BiancaGolden_CircleTurns,-125.0361,-1.0505,185.7512,-6.5985,-26.1512,-4.5677,0.8285,-0.0356,-0.5589,0.9980,293,13.270352,0.7496,-0.0105
BiancaGolden_CircleTurns,-124.9187,-0.9404,185.6887,-6.6481,-26.5439,-4.6755,0.8254,-0.0366,-0.5633,0.9980,293,13.283757,0.7508,-0.0094
